275,-0.645,0.665
275.004,-0.635,0.71
275.008,-0.645,0.745
275.012,-0.635,0.76
275.016,-0.645,0.785
275.02,-0.63,0.79
275.024,-0.63,0.815
275.028,-0.635,0.835
275.032,-0.625,0.86
275.036,-0.645,0.87
275.04,-0.63,0.92
275.044,-0.62,0.9
275.048,-0.62,0.905
275.052,-0.61,0.92
275.056,-0.62,0.915
275.06,-0.595,0.91
275.064,-0.585,0.91
275.068,-0.59,0.925
275.072,-0.585,0.925
275.076,-0.565,0.905
275.08,-0.57,0.92
275.084,-0.555,0.91
275.088,-0.53,0.89
275.092,-0.5,0.87
275.096,-0.475,0.825
275.1,-0.465,0.775
275.104,-0.46,0.735
275.108,-0.46,0.695
275.112,-0.45,0.67
275.116,-0.445,0.615
275.12,-0.43,0.565
275.124,-0.415,0.51
275.128,-0.4,0.445
275.132,-0.38,0.405
275.136,-0.38,0.315
275.14,-0.4,0.245
275.144,-0.415,0.205
275.148,-0.405,0.145
275.152,-0.42,0.115
275.156,-0.42,0.07
275.16,-0.415,0.035
275.164,-0.425,0.005
275.168,-0.415,-0.035
275.172,-0.43,-0.065
275.176,-0.44,-0.105
275.18,-0.435,-0.125
275.184,-0.455,-0.135
275.188,-0.465,-0.155
275.192,-0.47,-0.165
275.196,-0.475,-0.155
275.2,-0.45,-0.14
275.204,-0.465,-0.18
275.208,-0.465,-0.165
275.212,-0.465,-0.17
275.216,-0.485,-0.145
275.22,-0.47,-0.16
275.224,-0.49,-0.155
275.228,-0.5,-0.115
275.232,-0.495,-0.155
275.236,-0.5,-0.16
275.24,-0.51,-0.155
275.244,-0.515,-0.145
275.248,-0.515,-0.155
275.252,-0.52,-0.16
275.256,-0.525,-0.135
275.26,-0.51,-0.14
275.264,-0.52,-0.14
275.268,-0.505,-0.15
275.272,-0.5,-0.155
275.276,-0.49,-0.16
275.28,-0.48,-0.135
275.284,-0.525,-0.17
275.288,-0.515,-0.15
275.292,-0.525,-0.17
275.296,-0.515,-0.155
275.3,-0.51,-0.175
275.304,-0.5,-0.16
275.308,-0.5,-0.185
275.312,-0.475,-0.18
275.316,-0.485,-0.185
275.32,-0.48,-0.205
275.324,-0.5,-0.185
275.328,-0.505,-0.21
275.332,-0.48,-0.21
275.336,-0.475,-0.205
275.34,-0.485,-0.22
275.344,-0.475,-0.23
275.348,-0.47,-0.24
275.352,-0.495,-0.22
275.356,-0.485,-0.24
275.36,-0.5,-0.245
275.364,-0.475,-0.245
275.368,-0.465,-0.24
275.372,-0.445,-0.25
275.376,-0.41,-0.265
275.38,-0.395,-0.25
275.384,-0.37,-0.245
275.388,-0.345,-0.25
275.392,-0.345,-0.26
275.396,-0.34,-0.23
275.4,-0.34,-0.205
275.404,-0.33,-0.205
275.408,-0.315,-0.17
275.412,-0.295,-0.165
275.416,-0.25,-0.14
275.42,-0.23,-0.13
275.424,-0.25,-0.135
275.428,-0.26,-0.125
275.432,-0.3,-0.12
275.436,-0.305,-0.13
275.44,-0.34,-0.105
275.444,-0.335,-0.155
275.448,-0.345,-0.165
275.452,-0.36,-0.205
275.456,-0.36,-0.25
275.46,-0.375,-0.25
275.464,-0.385,-0.27
275.468,-0.41,-0.275
275.472,-0.42,-0.27
275.476,-0.435,-0.29
275.48,-0.455,-0.305
275.484,-0.475,-0.31
275.488,-0.485,-0.32
275.492,-0.51,-0.315
275.496,-0.525,-0.31
275.5,-0.53,-0.31
275.504,-0.54,-0.305
275.508,-0.55,-0.3
275.512,-0.56,-0.295
275.516,-0.54,-0.28
275.52,-0.54,-0.29
275.524,-0.53,-0.285
275.528,-0.53,-0.3
275.532,-0.52,-0.285
275.536,-0.525,-0.295
275.54,-0.515,-0.31
275.544,-0.535,-0.295
275.548,-0.55,-0.27
275.552,-0.555,-0.28
275.556,-0.535,-0.285
275.56,-0.49,-0.285
275.564,-0.495,-0.29
275.568,-0.5,-0.295
275.572,-0.495,-0.29
275.576,-0.495,-0.255
275.58,-0.475,-0.285
275.584,-0.45,-0.285
275.588,-0.43,-0.275
275.592,-0.35,-0.285
275.596,-0.23,-0.28
275.6,-0.07,-0.285
275.604,0.095,-0.295
275.608,0.31,-0.295
275.612,0.47,-0.32
275.616,0.55,-0.27
275.62,0.57,-0.235
275.624,0.605,-0.34
275.628,0.58,-0.765
275.632,0.505,-1.405
275.636,0.43,-2.045
275.64,0.36,-2.685
275.644,0.315,-3.28
275.648,0.305,-3.495
275.652,0.335,-3.57
275.656,0.345,-3.59
275.66,0.32,-3.64
275.664,0.27,-3.655
275.668,0.165,-3.59
275.672,0.08,-3.475
275.676,0.06,-3.285
275.68,0.135,-3.07
275.684,0.255,-2.9
275.688,0.31,-2.79
275.692,0.275,-2.665
275.696,0.11,-2.465
275.7,-0.11,-2.165
275.704,-0.295,-1.8
275.708,-0.385,-1.41
275.712,-0.39,-1.135
275.716,-0.375,-0.915
275.72,-0.375,-0.74
275.724,-0.455,-0.585
275.728,-0.54,-0.39
275.732,-0.585,-0.175
275.736,-0.585,-0.03
275.74,-0.565,0.075
275.744,-0.55,0.15
275.748,-0.535,0.155
275.752,-0.54,0.135
275.756,-0.54,0.145
275.76,-0.54,0.17
275.764,-0.56,0.175
275.768,-0.535,0.21
275.772,-0.55,0.21
275.776,-0.56,0.2
275.78,-0.54,0.22
275.784,-0.54,0.22
275.788,-0.535,0.235
275.792,-0.53,0.235
275.796,-0.56,0.25
275.8,-0.555,0.24
275.804,-0.57,0.28
275.808,-0.555,0.285
275.812,-0.575,0.295
275.816,-0.57,0.31
275.82,-0.575,0.31
275.824,-0.555,0.31
275.828,-0.57,0.315
275.832,-0.59,0.32
275.836,-0.6,0.335
275.84,-0.6,0.355
275.844,-0.61,0.39
275.848,-0.62,0.38
275.852,-0.61,0.4
275.856,-0.64,0.395
275.86,-0.62,0.43
275.864,-0.62,0.425
275.868,-0.64,0.465
275.872,-0.635,0.49
275.876,-0.635,0.505
275.88,-0.665,0.525
275.884,-0.645,0.565
275.888,-0.655,0.57
275.892,-0.64,0.595
275.896,-0.65,0.605
275.9,-0.645,0.635
275.904,-0.665,0.65
275.908,-0.665,0.665
275.912,-0.675,0.72
275.916,-0.675,0.715
275.92,-0.675,0.745
275.924,-0.655,0.785
275.928,-0.66,0.785
275.932,-0.645,0.795
275.936,-0.625,0.83
275.94,-0.65,0.855
275.944,-0.665,0.865
275.948,-0.675,0.875
275.952,-0.665,0.915
275.956,-0.645,0.93
275.96,-0.64,0.925
275.964,-0.625,0.92
275.968,-0.605,0.915
275.972,-0.615,0.93
275.976,-0.61,0.94
275.98,-0.595,0.935
275.984,-0.59,0.935
275.988,-0.585,0.92
275.992,-0.58,0.935
275.996,-0.555,0.91
276,-0.54,0.895
276.004,-0.51,0.86
276.008,-0.485,0.805
276.012,-0.48,0.785
276.016,-0.455,0.785
276.02,-0.45,0.725
276.024,-0.445,0.675
276.028,-0.435,0.62
276.032,-0.43,0.58
276.036,-0.405,0.54
276.04,-0.39,0.475
276.044,-0.415,0.44
276.048,-0.425,0.375
276.052,-0.42,0.315
276.056,-0.425,0.26
276.06,-0.4,0.205
276.064,-0.41,0.17
276.068,-0.4,0.16
276.072,-0.395,0.075
276.076,-0.405,0.06
276.08,-0.42,0.015
276.084,-0.43,0.005
276.088,-0.43,-0.02
276.092,-0.44,-0.05
276.096,-0.45,-0.05
276.1,-0.445,-0.06
276.104,-0.435,-0.065
276.108,-0.435,-0.085
276.112,-0.42,-0.08
276.116,-0.445,-0.08
276.12,-0.44,-0.06
276.124,-0.435,-0.095
276.128,-0.44,-0.085
276.132,-0.45,-0.085
276.136,-0.465,-0.055
276.14,-0.47,-0.08
276.144,-0.465,-0.065
276.148,-0.445,-0.06
276.152,-0.47,-0.065
276.156,-0.455,-0.07
276.16,-0.48,-0.05
276.164,-0.47,-0.065
276.168,-0.46,-0.06
276.172,-0.45,-0.065
276.176,-0.465,-0.05
276.18,-0.45,-0.07
276.184,-0.415,-0.07
276.188,-0.425,-0.08
276.192,-0.43,-0.085
276.196,-0.445,-0.1
276.2,-0.44,-0.09
276.204,-0.445,-0.095
276.208,-0.44,-0.11
276.212,-0.43,-0.1
276.216,-0.435,-0.095
276.22,-0.425,-0.115
276.224,-0.435,-0.125
276.228,-0.435,-0.125
276.232,-0.45,-0.115
276.236,-0.46,-0.13
276.24,-0.44,-0.135
276.244,-0.45,-0.125
276.248,-0.4,-0.16
276.252,-0.41,-0.16
276.256,-0.425,-0.19
276.26,-0.41,-0.17
276.264,-0.42,-0.18
276.268,-0.38,-0.19
276.272,-0.39,-0.18
276.276,-0.355,-0.17
276.28,-0.325,-0.17
276.284,-0.3,-0.16
276.288,-0.275,-0.175
276.292,-0.265,-0.135
276.296,-0.26,-0.115
276.3,-0.25,-0.14
276.304,-0.245,-0.1
276.308,-0.235,-0.09
276.312,-0.215,-0.075
276.316,-0.185,-0.06
276.32,-0.175,-0.055
276.324,-0.195,-0.04
276.328,-0.23,-0.08
276.332,-0.25,-0.075
276.336,-0.26,-0.1
276.34,-0.27,-0.12
276.344,-0.28,-0.145
276.348,-0.315,-0.17
276.352,-0.34,-0.17
276.356,-0.335,-0.17
276.36,-0.325,-0.185
276.364,-0.34,-0.21
276.368,-0.365,-0.235
276.372,-0.385,-0.255
276.376,-0.425,-0.24
276.38,-0.45,-0.26
276.384,-0.465,-0.245
276.388,-0.47,-0.25
276.392,-0.48,-0.26
276.396,-0.47,-0.255
276.4,-0.48,-0.25
276.404,-0.48,-0.25
276.408,-0.485,-0.275
276.412,-0.48,-0.28
276.416,-0.47,-0.28
276.42,-0.475,-0.285
276.424,-0.495,-0.26
276.428,-0.47,-0.255
276.432,-0.465,-0.275
276.436,-0.46,-0.265
276.44,-0.47,-0.275
276.444,-0.485,-0.28
276.448,-0.48,-0.265
276.452,-0.49,-0.27
276.456,-0.48,-0.275
276.46,-0.47,-0.255
276.464,-0.455,-0.275
276.468,-0.455,-0.27
276.472,-0.46,-0.27
276.476,-0.43,-0.27
276.48,-0.415,-0.275
276.484,-0.37,-0.275
276.488,-0.315,-0.275
276.492,-0.24,-0.255
276.496,-0.12,-0.27
276.5,0.065,-0.29
276.504,0.3,-0.28
276.508,0.505,-0.3
276.512,0.6,-0.26
276.516,0.7,-0.25
276.52,0.74,-0.31
276.524,0.745,-0.685
276.528,0.67,-1.325
276.532,0.59,-1.965
276.536,0.51,-2.605
276.54,0.445,-3.145
276.544,0.43,-3.37
276.548,0.435,-3.455
276.552,0.445,-3.525
276.556,0.435,-3.565
276.56,0.36,-3.525
276.564,0.235,-3.51
276.568,0.125,-3.425
276.572,0.075,-3.235
276.576,0.15,-3.045
276.58,0.31,-2.85
276.584,0.39,-2.76
276.588,0.38,-2.635
276.592,0.22,-2.5
276.596,0,-2.21
276.6,-0.205,-1.855
276.604,-0.335,-1.455
276.608,-0.4,-1.16
276.612,-0.41,-0.935
276.616,-0.415,-0.74
276.62,-0.48,-0.59
276.624,-0.52,-0.42
276.628,-0.56,-0.22
276.632,-0.575,-0.045
276.636,-0.56,0.06
276.64,-0.565,0.115
276.644,-0.57,0.135
276.648,-0.565,0.13
276.652,-0.555,0.155
276.656,-0.54,0.13
276.66,-0.555,0.155
276.664,-0.53,0.15
276.668,-0.545,0.175
276.672,-0.56,0.165
276.676,-0.575,0.2
276.68,-0.58,0.2
276.684,-0.56,0.205
276.688,-0.55,0.215
276.692,-0.53,0.215
276.696,-0.53,0.22
276.7,-0.555,0.245
276.704,-0.565,0.24
276.708,-0.58,0.25
276.712,-0.595,0.27
276.716,-0.59,0.28
276.72,-0.6,0.295
276.724,-0.58,0.33
276.728,-0.565,0.33
276.732,-0.595,0.295
276.736,-0.6,0.325
276.74,-0.6,0.33
276.744,-0.615,0.33
276.748,-0.625,0.355
276.752,-0.635,0.4
276.756,-0.615,0.405
276.76,-0.62,0.415
276.764,-0.63,0.445
276.768,-0.635,0.475
276.772,-0.665,0.465
276.776,-0.67,0.485
276.78,-0.68,0.515
276.784,-0.66,0.525
276.788,-0.67,0.56
276.792,-0.69,0.59
276.796,-0.67,0.575
276.8,-0.675,0.61
276.804,-0.69,0.64
276.808,-0.695,0.65
276.812,-0.695,0.67
276.816,-0.705,0.675
276.82,-0.725,0.7
276.824,-0.705,0.73
276.828,-0.685,0.76
276.832,-0.695,0.78
276.836,-0.69,0.79
276.84,-0.66,0.805
276.844,-0.66,0.8
276.848,-0.67,0.825
276.852,-0.685,0.86
276.856,-0.67,0.86
276.86,-0.67,0.88
276.864,-0.64,0.885
276.868,-0.65,0.875
276.872,-0.655,0.905
276.876,-0.65,0.875
276.88,-0.61,0.88
276.884,-0.605,0.87
276.888,-0.59,0.875
276.892,-0.56,0.85
276.896,-0.555,0.85
276.9,-0.53,0.84
276.904,-0.5,0.795
276.908,-0.47,0.775
276.912,-0.48,0.745
276.916,-0.445,0.685
276.92,-0.42,0.63
276.924,-0.425,0.57
276.928,-0.43,0.54
276.932,-0.405,0.49
276.936,-0.385,0.455
276.94,-0.375,0.4
276.944,-0.37,0.33
276.948,-0.36,0.255
276.952,-0.345,0.225
276.956,-0.36,0.18
276.96,-0.355,0.13
276.964,-0.375,0.075
276.968,-0.39,0.055
276.972,-0.37,0
276.976,-0.355,0.005
276.98,-0.37,-0.01
276.984,-0.36,-0.045
276.988,-0.365,-0.075
276.992,-0.385,-0.08
276.996,-0.4,-0.095
277,-0.425,-0.09
277.004,-0.42,-0.1
277.008,-0.435,-0.115
277.012,-0.41,-0.12
277.016,-0.405,-0.105
277.02,-0.4,-0.12
277.024,-0.42,-0.115
277.028,-0.415,-0.105
277.032,-0.405,-0.1
277.036,-0.425,-0.09
277.04,-0.435,-0.11
277.044,-0.43,-0.1
277.048,-0.435,-0.09
277.052,-0.435,-0.095
277.056,-0.44,-0.085
277.06,-0.405,-0.1
277.064,-0.425,-0.115
277.068,-0.43,-0.105
277.072,-0.435,-0.08
277.076,-0.45,-0.085
277.08,-0.44,-0.12
277.084,-0.435,-0.1
277.088,-0.425,-0.09
277.092,-0.425,-0.12
277.096,-0.385,-0.12
277.1,-0.385,-0.135
277.104,-0.4,-0.14
277.108,-0.41,-0.135
277.112,-0.44,-0.14
277.116,-0.415,-0.14
277.12,-0.42,-0.145
277.124,-0.39,-0.145
277.128,-0.38,-0.16
277.132,-0.395,-0.17
277.136,-0.385,-0.18
277.14,-0.395,-0.175
277.144,-0.385,-0.185
277.148,-0.4,-0.2
277.152,-0.41,-0.19
277.156,-0.41,-0.185
277.16,-0.405,-0.19
277.164,-0.385,-0.2
277.168,-0.39,-0.21
277.172,-0.4,-0.225
277.176,-0.39,-0.22
277.18,-0.39,-0.22
277.184,-0.38,-0.215
277.188,-0.35,-0.235
277.192,-0.335,-0.23
277.196,-0.315,-0.2
277.2,-0.275,-0.215
277.204,-0.245,-0.23
277.208,-0.225,-0.235
277.212,-0.23,-0.21
277.216,-0.22,-0.195
277.22,-0.225,-0.175
277.224,-0.195,-0.15
277.228,-0.155,-0.15
277.232,-0.125,-0.145
277.236,-0.135,-0.1
277.24,-0.11,-0.095
277.244,-0.135,-0.09
277.248,-0.19,-0.105
277.252,-0.195,-0.115
277.256,-0.205,-0.115
277.26,-0.225,-0.12
277.264,-0.23,-0.145
277.268,-0.225,-0.185
277.272,-0.235,-0.205
277.276,-0.255,-0.235
277.28,-0.26,-0.245
277.284,-0.28,-0.245
277.288,-0.31,-0.265
277.292,-0.33,-0.27
277.296,-0.36,-0.295
277.3,-0.37,-0.28
277.304,-0.4,-0.285
277.308,-0.39,-0.31
277.312,-0.38,-0.28
277.316,-0.4,-0.27
277.32,-0.405,-0.26
277.324,-0.415,-0.26
277.328,-0.42,-0.26
277.332,-0.435,-0.27
277.336,-0.4,-0.26
277.34,-0.39,-0.285
277.344,-0.385,-0.285
277.348,-0.385,-0.305
277.352,-0.385,-0.27
277.356,-0.415,-0.3
277.36,-0.4,-0.28
277.364,-0.405,-0.26
277.368,-0.42,-0.275
277.372,-0.4,-0.275
277.376,-0.385,-0.285
277.38,-0.37,-0.265
277.384,-0.38,-0.295
277.388,-0.38,-0.29
277.392,-0.385,-0.295
277.396,-0.375,-0.295
277.4,-0.36,-0.285
277.404,-0.34,-0.285
277.408,-0.285,-0.29
277.412,-0.205,-0.28
277.416,-0.09,-0.29
277.42,0.085,-0.285
277.424,0.265,-0.295
277.428,0.43,-0.32
277.432,0.53,-0.295
277.436,0.575,-0.25
277.44,0.615,-0.26
277.444,0.595,-0.495
277.448,0.59,-1.045
277.452,0.515,-1.685
277.456,0.47,-2.325
277.46,0.445,-2.965
277.464,0.445,-3.225
277.468,0.475,-3.305
277.472,0.475,-3.39
277.476,0.475,-3.41
277.48,0.455,-3.455
277.484,0.39,-3.435
277.488,0.275,-3.355
277.492,0.2,-3.23
277.496,0.21,-3.055
277.5,0.325,-2.88
277.504,0.45,-2.77
277.508,0.515,-2.69
277.512,0.42,-2.575
277.516,0.24,-2.355
277.52,0.025,-2.03
277.524,-0.155,-1.67
277.528,-0.265,-1.31
277.532,-0.285,-1.05
277.536,-0.29,-0.87
277.54,-0.325,-0.7
277.544,-0.37,-0.56
277.548,-0.41,-0.39
277.552,-0.47,-0.195
277.556,-0.455,-0.05
277.56,-0.46,0.045
277.564,-0.445,0.105
277.568,-0.44,0.11
277.572,-0.435,0.115
277.576,-0.425,0.125
277.58,-0.42,0.12
277.584,-0.44,0.125
277.588,-0.445,0.15
277.592,-0.455,0.145
277.596,-0.455,0.175
277.6,-0.435,0.2
277.604,-0.435,0.2
277.608,-0.425,0.19
277.612,-0.415,0.205
277.616,-0.405,0.205
277.62,-0.435,0.21
277.624,-0.435,0.21
277.628,-0.475,0.225
277.632,-0.47,0.24
277.636,-0.465,0.255
277.64,-0.44,0.255
277.644,-0.45,0.275
277.648,-0.47,0.285
277.652,-0.475,0.295
277.656,-0.495,0.285
277.66,-0.52,0.31
277.664,-0.515,0.335
277.668,-0.505,0.325
277.672,-0.51,0.355
277.676,-0.52,0.4
277.68,-0.515,0.375
277.684,-0.52,0.41
277.688,-0.555,0.41
277.692,-0.555,0.43
277.696,-0.565,0.44
277.7,-0.57,0.485
277.704,-0.59,0.495
277.708,-0.57,0.51
277.712,-0.57,0.515
277.716,-0.57,0.545
277.72,-0.565,0.565
277.724,-0.555,0.56
277.728,-0.58,0.61
277.732,-0.585,0.61
277.736,-0.61,0.64
277.74,-0.62,0.665
277.744,-0.61,0.67
277.748,-0.605,0.715
277.752,-0.585,0.725
277.756,-0.605,0.73
277.76,-0.59,0.75
277.764,-0.58,0.765
277.768,-0.59,0.78
277.772,-0.595,0.81
277.776,-0.595,0.82
277.78,-0.58,0.83
277.784,-0.545,0.825
277.788,-0.535,0.835
277.792,-0.535,0.81
277.796,-0.55,0.845
277.8,-0.535,0.82
277.804,-0.535,0.82
277.808,-0.505,0.81
277.812,-0.49,0.81
277.816,-0.465,0.795
277.82,-0.445,0.78
277.824,-0.42,0.745
277.828,-0.41,0.705
277.832,-0.39,0.685
277.836,-0.395,0.665
277.84,-0.39,0.615
277.844,-0.37,0.58
277.848,-0.345,0.545
277.852,-0.345,0.485
277.856,-0.32,0.435
277.86,-0.315,0.395
277.864,-0.305,0.33
277.868,-0.31,0.27
277.872,-0.315,0.235
277.876,-0.32,0.175
277.88,-0.325,0.13
277.884,-0.315,0.09
277.888,-0.34,0.055
277.892,-0.345,0.03
277.896,-0.34,-0.03
277.9,-0.32,-0.03
277.904,-0.34,-0.05
277.908,-0.345,-0.07
277.912,-0.355,-0.09
277.916,-0.35,-0.085
277.92,-0.355,-0.095
277.924,-0.37,-0.09
277.928,-0.38,-0.115
277.932,-0.36,-0.12
277.936,-0.37,-0.13
277.94,-0.38,-0.135
277.944,-0.39,-0.145
277.948,-0.385,-0.12
277.952,-0.41,-0.115
277.956,-0.41,-0.12
277.96,-0.405,-0.095
277.964,-0.39,-0.09
277.968,-0.395,-0.115
277.972,-0.415,-0.1
277.976,-0.395,-0.105
277.98,-0.42,-0.115
277.984,-0.425,-0.12
277.988,-0.42,-0.105
277.992,-0.415,-0.085
277.996,-0.41,-0.125
278,-0.425,-0.115
278.004,-0.435,-0.115
278.008,-0.43,-0.13
278.012,-0.41,-0.125
278.016,-0.41,-0.12
278.02,-0.435,-0.12
278.024,-0.43,-0.13
278.028,-0.435,-0.105
278.032,-0.41,-0.135
278.036,-0.425,-0.13
278.04,-0.415,-0.145
278.044,-0.415,-0.15
278.048,-0.415,-0.145
278.052,-0.43,-0.16
278.056,-0.425,-0.17
278.06,-0.43,-0.17
278.064,-0.42,-0.16
278.068,-0.41,-0.175
278.072,-0.415,-0.18
278.076,-0.405,-0.165
278.08,-0.37,-0.17
278.084,-0.38,-0.19
278.088,-0.38,-0.19
278.092,-0.415,-0.2
278.096,-0.41,-0.21
278.1,-0.39,-0.2
278.104,-0.375,-0.18
278.108,-0.35,-0.19
278.112,-0.33,-0.215
278.116,-0.3,-0.21
278.12,-0.295,-0.21
278.124,-0.295,-0.215
278.128,-0.275,-0.185
278.132,-0.27,-0.18
278.136,-0.25,-0.15
278.14,-0.23,-0.135
278.144,-0.215,-0.145
278.148,-0.195,-0.105
278.152,-0.155,-0.08
278.156,-0.155,-0.105
278.16,-0.185,-0.1
278.164,-0.2,-0.1
278.168,-0.23,-0.1
278.172,-0.24,-0.1
278.176,-0.235,-0.105
278.18,-0.25,-0.115
278.184,-0.285,-0.145
278.188,-0.295,-0.18
278.192,-0.295,-0.205
278.196,-0.29,-0.225
278.2,-0.315,-0.2
278.204,-0.345,-0.245
278.208,-0.375,-0.235
278.212,-0.39,-0.26
278.216,-0.415,-0.25
278.22,-0.425,-0.27
278.224,-0.44,-0.26
278.228,-0.44,-0.26
278.232,-0.45,-0.27
278.236,-0.46,-0.24
278.24,-0.47,-0.24
278.244,-0.485,-0.24
278.248,-0.485,-0.225
278.252,-0.465,-0.235
278.256,-0.47,-0.24
278.26,-0.45,-0.24
278.264,-0.445,-0.25
278.268,-0.47,-0.255
278.272,-0.43,-0.25
278.276,-0.46,-0.25
278.28,-0.45,-0.24
278.284,-0.47,-0.24
278.288,-0.45,-0.245
278.292,-0.45,-0.24
278.296,-0.43,-0.255
278.3,-0.43,-0.26
278.304,-0.43,-0.255
278.308,-0.42,-0.24
278.312,-0.415,-0.25
278.316,-0.405,-0.25
278.32,-0.385,-0.225
278.324,-0.32,-0.235
278.328,-0.225,-0.235
278.332,-0.12,-0.235
278.336,0.045,-0.245
278.34,0.25,-0.27
278.344,0.435,-0.28
278.348,0.59,-0.26
278.352,0.675,-0.215
278.356,0.705,-0.195
278.36,0.72,-0.37
278.364,0.705,-0.825
278.368,0.62,-1.465
278.372,0.525,-2.105
278.376,0.47,-2.745
278.38,0.43,-3.09
278.384,0.42,-3.23
278.388,0.42,-3.3
278.392,0.44,-3.315
278.396,0.415,-3.34
278.4,0.37,-3.335
278.404,0.235,-3.29
278.408,0.15,-3.14
278.412,0.135,-2.97
278.416,0.235,-2.775
278.42,0.39,-2.605
278.424,0.43,-2.52
278.428,0.33,-2.405
278.432,0.155,-2.22
278.436,-0.08,-1.91
278.44,-0.245,-1.56
278.444,-0.31,-1.255
278.448,-0.32,-0.99
278.452,-0.325,-0.8
278.456,-0.37,-0.655
278.46,-0.425,-0.525
278.464,-0.505,-0.35
278.468,-0.51,-0.18
278.472,-0.515,-0.04
278.476,-0.505,0.08
278.48,-0.505,0.115
278.484,-0.47,0.14
278.488,-0.485,0.115
278.492,-0.485,0.12
278.496,-0.5,0.1
278.5,-0.495,0.145
278.504,-0.5,0.155
278.508,-0.485,0.15
278.512,-0.445,0.165
278.516,-0.46,0.165
278.52,-0.46,0.19
278.524,-0.465,0.17
278.528,-0.48,0.175
278.532,-0.5,0.17
278.536,-0.515,0.195
278.54,-0.53,0.195
278.544,-0.53,0.205
278.548,-0.525,0.23
278.552,-0.505,0.235
278.556,-0.51,0.22
278.56,-0.52,0.235
278.564,-0.52,0.275
278.568,-0.55,0.265
278.572,-0.56,0.28
278.576,-0.565,0.295
278.58,-0.545,0.315
278.584,-0.56,0.33
278.588,-0.56,0.35
278.592,-0.555,0.325
278.596,-0.56,0.35
278.6,-0.58,0.365
278.604,-0.575,0.365
278.608,-0.575,0.395
278.612,-0.615,0.44
278.616,-0.62,0.445
278.62,-0.615,0.435
278.624,-0.635,0.5
278.628,-0.63,0.485
278.632,-0.63,0.49
278.636,-0.63,0.52
278.64,-0.65,0.54
278.644,-0.655,0.54
278.648,-0.645,0.57
278.652,-0.64,0.6
278.656,-0.645,0.635
278.66,-0.635,0.66
278.664,-0.61,0.675
278.668,-0.6,0.675
278.672,-0.615,0.685
278.676,-0.615,0.695
278.68,-0.635,0.725
278.684,-0.62,0.71
278.688,-0.625,0.73
278.692,-0.61,0.77
278.696,-0.615,0.765
278.7,-0.595,0.765
278.704,-0.595,0.775
278.708,-0.58,0.775
278.712,-0.57,0.765
278.716,-0.56,0.77
278.72,-0.565,0.785
278.724,-0.545,0.755
278.728,-0.545,0.755
278.732,-0.495,0.75
278.736,-0.48,0.715
278.74,-0.42,0.685
278.744,-0.445,0.65
278.748,-0.445,0.635
278.752,-0.435,0.6
278.756,-0.415,0.56
278.76,-0.395,0.51
278.764,-0.4,0.465
278.768,-0.375,0.455
278.772,-0.355,0.395
278.776,-0.355,0.34
278.78,-0.36,0.3
278.784,-0.355,0.245
278.788,-0.36,0.21
278.792,-0.38,0.165
278.796,-0.35,0.125
278.8,-0.335,0.085
278.804,-0.315,0.05
278.808,-0.355,0.03
278.812,-0.38,-0.01
278.816,-0.365,-0.03
278.82,-0.39,-0.06
278.824,-0.415,-0.06
278.828,-0.415,-0.08
278.832,-0.415,-0.08
278.836,-0.4,-0.11
278.84,-0.39,-0.115
278.844,-0.375,-0.12
278.848,-0.385,-0.12
278.852,-0.415,-0.11
278.856,-0.41,-0.11
278.86,-0.415,-0.09
278.864,-0.42,-0.095
278.868,-0.445,-0.11
278.872,-0.425,-0.095
278.876,-0.39,-0.08
278.88,-0.395,-0.095
278.884,-0.39,-0.09
278.888,-0.4,-0.1
278.892,-0.375,-0.09
278.896,-0.41,-0.09
278.9,-0.4,-0.095
278.904,-0.405,-0.085
278.908,-0.41,-0.08
278.912,-0.4,-0.08
278.916,-0.405,-0.08
278.92,-0.4,-0.095
278.924,-0.395,-0.095
278.928,-0.405,-0.1
278.932,-0.42,-0.095
278.936,-0.41,-0.095
278.94,-0.4,-0.095
278.944,-0.375,-0.095
278.948,-0.355,-0.105
278.952,-0.365,-0.12
278.956,-0.375,-0.11
278.96,-0.375,-0.115
278.964,-0.365,-0.105
278.968,-0.4,-0.135
278.972,-0.39,-0.125
278.976,-0.375,-0.155
278.98,-0.37,-0.135
278.984,-0.345,-0.14
278.988,-0.36,-0.16
278.992,-0.335,-0.15
278.996,-0.32,-0.155
279,-0.325,-0.16
279.004,-0.335,-0.165
279.008,-0.335,-0.17
279.012,-0.325,-0.175
279.016,-0.29,-0.155
279.02,-0.265,-0.16
279.024,-0.235,-0.16
279.028,-0.205,-0.175
279.032,-0.205,-0.16
279.036,-0.195,-0.15
279.04,-0.205,-0.15
279.044,-0.175,-0.135
279.048,-0.16,-0.09
279.052,-0.13,-0.085
279.056,-0.11,-0.1
279.06,-0.105,-0.07
279.064,-0.11,-0.07
279.068,-0.13,-0.07
279.072,-0.145,-0.055
279.076,-0.195,-0.09
279.08,-0.205,-0.095
279.084,-0.195,-0.095
279.088,-0.215,-0.145
279.092,-0.215,-0.165
279.096,-0.22,-0.165
279.1,-0.235,-0.19
279.104,-0.25,-0.195
279.108,-0.275,-0.195
279.112,-0.305,-0.225
279.116,-0.325,-0.24
279.12,-0.37,-0.235
279.124,-0.395,-0.225
279.128,-0.41,-0.26
279.132,-0.395,-0.235
279.136,-0.405,-0.235
279.14,-0.4,-0.225
279.144,-0.41,-0.235
279.148,-0.41,-0.23
279.152,-0.425,-0.23
279.156,-0.42,-0.24
279.16,-0.415,-0.225
279.164,-0.395,-0.24
279.168,-0.385,-0.24
279.172,-0.38,-0.23
279.176,-0.38,-0.26
279.18,-0.38,-0.26
279.184,-0.405,-0.25
279.188,-0.4,-0.26
279.192,-0.41,-0.26
279.196,-0.4,-0.25
279.2,-0.4,-0.245
279.204,-0.385,-0.245
279.208,-0.37,-0.265
279.212,-0.365,-0.255
279.216,-0.35,-0.245
279.22,-0.34,-0.255
279.224,-0.305,-0.245
279.228,-0.25,-0.25
279.232,-0.175,-0.26
279.236,-0.045,-0.27
279.24,0.135,-0.265
279.244,0.355,-0.28
279.248,0.545,-0.3
279.252,0.7,-0.28
279.256,0.795,-0.255
279.26,0.87,-0.31
279.264,0.87,-0.55
279.268,0.825,-1.05
279.272,0.755,-1.69
279.276,0.64,-2.33
279.28,0.555,-2.835
279.284,0.545,-3.055
279.288,0.555,-3.165
279.292,0.565,-3.205
279.296,0.56,-3.235
279.3,0.475,-3.26
279.304,0.37,-3.205
279.308,0.265,-3.105
279.312,0.19,-2.95
279.316,0.23,-2.75
279.32,0.385,-2.585
279.324,0.495,-2.485
279.328,0.48,-2.375
279.332,0.33,-2.24
279.336,0.105,-1.975
279.34,-0.12,-1.665
279.344,-0.255,-1.33
279.348,-0.305,-1.035
279.352,-0.315,-0.84
279.356,-0.32,-0.705
279.36,-0.37,-0.565
279.364,-0.435,-0.42
279.368,-0.485,-0.255
279.372,-0.505,-0.09
279.376,-0.505,0
279.38,-0.48,0.075
279.384,-0.455,0.105
279.388,-0.46,0.09
279.392,-0.46,0.08
279.396,-0.47,0.09
279.4,-0.47,0.095
279.404,-0.48,0.09
279.408,-0.48,0.14
279.412,-0.475,0.135
279.416,-0.47,0.145
279.42,-0.485,0.145
279.424,-0.48,0.16
279.428,-0.48,0.15
279.432,-0.475,0.145
279.436,-0.485,0.135
279.44,-0.495,0.17
279.444,-0.5,0.175
279.448,-0.485,0.175
279.452,-0.5,0.2
279.456,-0.51,0.215
279.46,-0.515,0.21
279.464,-0.5,0.205
279.468,-0.52,0.215
279.472,-0.53,0.24
279.476,-0.52,0.25
279.48,-0.56,0.26
279.484,-0.57,0.28
279.488,-0.58,0.27
279.492,-0.57,0.285
279.496,-0.565,0.29
279.5,-0.54,0.31
279.504,-0.57,0.315
279.508,-0.57,0.35
279.512,-0.595,0.355
279.516,-0.58,0.375
279.52,-0.6,0.39
279.524,-0.61,0.435
279.528,-0.62,0.43
279.532,-0.63,0.445
279.536,-0.625,0.445
279.54,-0.635,0.465
279.544,-0.635,0.495
279.548,-0.655,0.53
279.552,-0.645,0.53
279.556,-0.635,0.53
279.56,-0.64,0.58
279.564,-0.64,0.58
279.568,-0.64,0.605
279.572,-0.625,0.635
279.576,-0.655,0.645
279.58,-0.64,0.645
279.584,-0.64,0.66
279.588,-0.64,0.685
279.592,-0.64,0.695
279.596,-0.625,0.7
279.6,-0.63,0.72
279.604,-0.605,0.745
279.608,-0.585,0.74
279.612,-0.575,0.715
279.616,-0.585,0.715
279.62,-0.575,0.7
279.624,-0.55,0.71
279.628,-0.535,0.72
279.632,-0.525,0.695
279.636,-0.52,0.665
279.64,-0.49,0.645
279.644,-0.475,0.61
279.648,-0.44,0.57
279.652,-0.41,0.54
279.656,-0.425,0.51
279.66,-0.415,0.48
279.664,-0.39,0.44
279.668,-0.38,0.4
279.672,-0.365,0.335
279.676,-0.35,0.295
279.68,-0.35,0.23
279.684,-0.34,0.185
279.688,-0.345,0.125
279.692,-0.355,0.08
279.696,-0.36,0.05
279.7,-0.34,0.02
279.704,-0.36,-0.025
279.708,-0.35,-0.05
279.712,-0.33,-0.09
279.716,-0.345,-0.115
279.72,-0.33,-0.125
279.724,-0.34,-0.175
279.728,-0.355,-0.19
279.732,-0.355,-0.195
279.736,-0.38,-0.195
279.74,-0.375,-0.205
279.744,-0.39,-0.2
279.748,-0.385,-0.215
279.752,-0.375,-0.21
279.756,-0.365,-0.2
279.76,-0.385,-0.205
279.764,-0.405,-0.2
279.768,-0.4,-0.205
279.772,-0.415,-0.215
279.776,-0.41,-0.19
279.78,-0.425,-0.19
279.784,-0.415,-0.2
279.788,-0.41,-0.2
279.792,-0.39,-0.21
279.796,-0.415,-0.195
279.8,-0.44,-0.21
279.804,-0.455,-0.15
279.808,-0.425,-0.185
279.812,-0.445,-0.18
279.816,-0.43,-0.18
279.82,-0.41,-0.18
279.824,-0.395,-0.19
279.828,-0.4,-0.205
279.832,-0.43,-0.19
279.836,-0.435,-0.2
279.84,-0.425,-0.2
279.844,-0.43,-0.21
279.848,-0.415,-0.21
279.852,-0.42,-0.195
279.856,-0.41,-0.21
279.86,-0.4,-0.23
279.864,-0.415,-0.245
279.868,-0.405,-0.245
279.872,-0.4,-0.24
279.876,-0.415,-0.24
279.88,-0.415,-0.23
279.884,-0.43,-0.26
279.888,-0.415,-0.27
279.892,-0.415,-0.235
279.896,-0.395,-0.24
279.9,-0.385,-0.26
279.904,-0.385,-0.255
279.908,-0.395,-0.265
279.912,-0.405,-0.265
279.916,-0.415,-0.255
279.92,-0.4,-0.27
279.924,-0.38,-0.265
279.928,-0.345,-0.285
279.932,-0.305,-0.27
279.936,-0.275,-0.28
279.94,-0.28,-0.285
279.944,-0.26,-0.28
279.948,-0.25,-0.265
279.952,-0.23,-0.24
279.956,-0.2,-0.25
279.96,-0.185,-0.23
279.964,-0.18,-0.215
279.968,-0.11,-0.195
279.972,-0.115,-0.17
279.976,-0.1,-0.17
279.98,-0.12,-0.155
279.984,-0.115,-0.15
279.988,-0.165,-0.15
279.992,-0.18,-0.16
279.996,-0.195,-0.155
280,-0.2,-0.185
280.004,-0.22,-0.2
280.008,-0.225,-0.225
280.012,-0.215,-0.275
280.016,-0.245,-0.245
280.02,-0.24,-0.265
280.024,-0.27,-0.29
280.028,-0.32,-0.29
280.032,-0.34,-0.3
280.036,-0.35,-0.295
280.04,-0.345,-0.315
280.044,-0.38,-0.32
280.048,-0.4,-0.345
280.052,-0.395,-0.32
280.056,-0.41,-0.34
280.06,-0.41,-0.32
280.064,-0.405,-0.31
280.068,-0.42,-0.3
280.072,-0.445,-0.31
280.076,-0.41,-0.32
280.08,-0.395,-0.335
280.084,-0.405,-0.325
280.088,-0.405,-0.32
280.092,-0.415,-0.33
280.096,-0.42,-0.32
280.1,-0.42,-0.34
280.104,-0.41,-0.325
280.108,-0.405,-0.34
280.112,-0.375,-0.31
280.116,-0.36,-0.335
280.12,-0.39,-0.32
280.124,-0.385,-0.34
280.128,-0.41,-0.35
280.132,-0.385,-0.335
280.136,-0.365,-0.32
280.14,-0.36,-0.34
280.144,-0.335,-0.35
280.148,-0.285,-0.325
280.152,-0.195,-0.325
280.156,-0.07,-0.33
280.16,0.08,-0.34
280.164,0.255,-0.365
280.168,0.405,-0.38
280.172,0.55,-0.375
280.176,0.635,-0.35
280.18,0.67,-0.355
280.184,0.7,-0.555
280.188,0.675,-0.995
280.192,0.63,-1.635
280.196,0.55,-2.275
280.2,0.485,-2.805
280.204,0.47,-3.035
280.208,0.475,-3.165
280.212,0.485,-3.19
280.216,0.53,-3.205
280.22,0.515,-3.23
280.224,0.445,-3.225
280.228,0.35,-3.19
280.232,0.26,-3.08
280.236,0.225,-2.89
280.24,0.325,-2.72
280.244,0.46,-2.57
280.248,0.485,-2.52
280.252,0.425,-2.38
280.256,0.2,-2.175
280.26,-0.01,-1.885
280.264,-0.19,-1.575
280.268,-0.28,-1.22
280.272,-0.295,-0.97
280.276,-0.3,-0.8
280.28,-0.335,-0.67
280.284,-0.415,-0.535
280.288,-0.465,-0.365
280.292,-0.495,-0.23
280.296,-0.475,-0.085
280.3,-0.47,-0.015
280.304,-0.46,0.015
280.308,-0.46,0.025
280.312,-0.445,0.025
280.316,-0.46,0.015
280.32,-0.47,0.035
280.324,-0.455,0.07
280.328,-0.475,0.05
280.332,-0.48,0.075
280.336,-0.475,0.075
280.34,-0.47,0.075
280.344,-0.465,0.09
280.348,-0.465,0.105
280.352,-0.47,0.115
280.356,-0.485,0.105
280.36,-0.485,0.115
280.364,-0.47,0.13
280.368,-0.48,0.13
280.372,-0.47,0.16
280.376,-0.455,0.155
280.38,-0.485,0.15
280.384,-0.5,0.165
280.388,-0.5,0.15
280.392,-0.515,0.21
280.396,-0.515,0.215
280.4,-0.53,0.21
280.404,-0.54,0.245
280.408,-0.55,0.24
280.412,-0.54,0.245
280.416,-0.56,0.255
280.42,-0.565,0.265
280.424,-0.59,0.275
280.428,-0.61,0.29
280.432,-0.625,0.33
280.436,-0.63,0.31
280.44,-0.62,0.36
280.444,-0.605,0.365
280.448,-0.63,0.365
280.452,-0.64,0.375
280.456,-0.635,0.405
280.46,-0.66,0.445
280.464,-0.645,0.44
280.468,-0.645,0.475
280.472,-0.66,0.485
280.476,-0.655,0.48
280.48,-0.66,0.52
280.484,-0.645,0.54
280.488,-0.655,0.55
280.492,-0.645,0.57
280.496,-0.67,0.585
280.5,-0.66,0.615
280.504,-0.65,0.615
280.508,-0.64,0.645
280.512,-0.66,0.645
280.516,-0.645,0.645
280.52,-0.62,0.68
280.524,-0.615,0.65
280.528,-0.61,0.67
280.532,-0.605,0.66
280.536,-0.615,0.67
280.54,-0.61,0.68
280.544,-0.595,0.66
280.548,-0.565,0.65
280.552,-0.555,0.655
280.556,-0.525,0.63
280.56,-0.485,0.615
280.564,-0.48,0.575
280.568,-0.46,0.565
280.572,-0.455,0.555
280.576,-0.45,0.52
280.58,-0.42,0.475
280.584,-0.415,0.415
280.588,-0.4,0.4
280.592,-0.39,0.34
280.596,-0.385,0.28
280.6,-0.35,0.24
280.604,-0.37,0.2
280.608,-0.365,0.125
280.612,-0.385,0.08
280.616,-0.38,0.04
280.62,-0.385,0.025
280.624,-0.375,-0.045
280.628,-0.375,-0.08
280.632,-0.365,-0.095
280.636,-0.395,-0.125
280.64,-0.4,-0.16
280.644,-0.41,-0.175
280.648,-0.42,-0.2
280.652,-0.415,-0.195
280.656,-0.42,-0.205
280.66,-0.44,-0.21
280.664,-0.435,-0.24
280.668,-0.435,-0.24
280.672,-0.44,-0.255
280.676,-0.43,-0.24
280.68,-0.46,-0.245
280.684,-0.455,-0.245
280.688,-0.465,-0.225
280.692,-0.46,-0.23
280.696,-0.475,-0.21
280.7,-0.46,-0.23
280.704,-0.455,-0.225
280.708,-0.455,-0.215
280.712,-0.47,-0.21
280.716,-0.495,-0.22
280.72,-0.505,-0.24
280.724,-0.52,-0.24
280.728,-0.52,-0.21
280.732,-0.495,-0.22
280.736,-0.485,-0.25
280.74,-0.5,-0.235
280.744,-0.5,-0.24
280.748,-0.47,-0.215
280.752,-0.495,-0.245
280.756,-0.51,-0.22
280.76,-0.51,-0.225
280.764,-0.51,-0.22
280.768,-0.48,-0.25
280.772,-0.465,-0.26
280.776,-0.48,-0.26
280.78,-0.49,-0.265
280.784,-0.485,-0.27
280.788,-0.49,-0.26
280.792,-0.495,-0.285
280.796,-0.505,-0.265
280.8,-0.485,-0.28
280.804,-0.465,-0.28
280.808,-0.47,-0.28
280.812,-0.47,-0.3
280.816,-0.49,-0.29
280.82,-0.51,-0.28
280.824,-0.5,-0.315
280.828,-0.48,-0.295
280.832,-0.505,-0.315
280.836,-0.485,-0.32
280.84,-0.48,-0.305
280.844,-0.45,-0.295
280.848,-0.44,-0.295
280.852,-0.43,-0.31
280.856,-0.435,-0.315
280.86,-0.415,-0.32
280.864,-0.365,-0.31
280.868,-0.375,-0.32
280.872,-0.365,-0.3
280.876,-0.33,-0.31
280.88,-0.305,-0.27
280.884,-0.275,-0.28
280.888,-0.28,-0.27
280.892,-0.265,-0.25
280.896,-0.255,-0.255
280.9,-0.21,-0.21
280.904,-0.215,-0.195
280.908,-0.23,-0.175
280.912,-0.245,-0.17
280.916,-0.26,-0.17
280.92,-0.26,-0.18
280.924,-0.27,-0.195
280.928,-0.285,-0.205
280.932,-0.28,-0.22
280.936,-0.345,-0.265
280.94,-0.32,-0.265
280.944,-0.335,-0.285
280.948,-0.365,-0.275
280.952,-0.37,-0.275
280.956,-0.395,-0.305
280.96,-0.4,-0.305
280.964,-0.43,-0.335
280.968,-0.44,-0.32
280.972,-0.505,-0.315
280.976,-0.515,-0.32
280.98,-0.51,-0.325
280.984,-0.515,-0.305
280.988,-0.48,-0.305
280.992,-0.48,-0.315
280.996,-0.505,-0.32
281,-0.525,-0.32
281.004,-0.515,-0.315
281.008,-0.515,-0.345
281.012,-0.51,-0.345
281.016,-0.495,-0.335
281.02,-0.52,-0.32
281.024,-0.495,-0.32
281.028,-0.475,-0.315
281.032,-0.485,-0.32
281.036,-0.495,-0.315
281.04,-0.495,-0.32
281.044,-0.5,-0.325
281.048,-0.485,-0.325
281.052,-0.49,-0.315
281.056,-0.495,-0.305
281.06,-0.46,-0.315
281.064,-0.445,-0.345
281.068,-0.415,-0.35
281.072,-0.37,-0.325
281.076,-0.32,-0.33
281.08,-0.235,-0.35
281.084,-0.08,-0.33
281.088,0.095,-0.35
281.092,0.33,-0.375
281.096,0.5,-0.39
281.1,0.625,-0.385
281.104,0.685,-0.385
281.108,0.725,-0.445
281.112,0.695,-0.71
281.116,0.62,-1.26
281.12,0.54,-1.9
281.124,0.455,-2.525
281.128,0.375,-2.86
281.132,0.38,-3.04
281.136,0.385,-3.085
281.14,0.42,-3.14
281.144,0.41,-3.165
281.148,0.35,-3.165
281.152,0.25,-3.115
281.156,0.14,-2.99
281.16,0.085,-2.84
281.164,0.155,-2.605
281.168,0.315,-2.47
281.172,0.405,-2.37
281.176,0.385,-2.27
281.18,0.21,-2.11
281.184,-0.02,-1.845
281.188,-0.205,-1.55
281.192,-0.335,-1.23
281.196,-0.39,-0.985
281.2,-0.405,-0.785
281.204,-0.43,-0.675
281.208,-0.45,-0.535
281.212,-0.51,-0.405
281.216,-0.52,-0.26
281.22,-0.55,-0.115
281.224,-0.545,0
281.228,-0.575,0.025
281.232,-0.555,0.06
281.236,-0.575,0.06
281.24,-0.575,0.04
281.244,-0.55,0.08
281.248,-0.55,0.08
281.252,-0.535,0.08
281.256,-0.535,0.09
281.26,-0.54,0.09
281.264,-0.555,0.09
281.268,-0.535,0.115
281.272,-0.535,0.135
281.276,-0.54,0.13
281.28,-0.53,0.145
281.284,-0.545,0.175
281.288,-0.56,0.15
281.292,-0.58,0.17
281.296,-0.57,0.17
281.3,-0.58,0.185
281.304,-0.585,0.19
281.308,-0.585,0.22
281.312,-0.62,0.21
281.316,-0.6,0.22
281.32,-0.615,0.235
281.324,-0.605,0.24
281.328,-0.61,0.235
281.332,-0.625,0.27
281.336,-0.65,0.26
281.34,-0.65,0.285
281.344,-0.68,0.31
281.348,-0.665,0.34
281.352,-0.685,0.325
281.356,-0.665,0.35
281.36,-0.67,0.355
281.364,-0.675,0.375
281.368,-0.68,0.385
281.372,-0.705,0.4
281.376,-0.715,0.41
281.38,-0.725,0.445
281.384,-0.705,0.455
281.388,-0.725,0.47
281.392,-0.72,0.505
281.396,-0.735,0.52
281.4,-0.73,0.525
281.404,-0.73,0.52
281.408,-0.735,0.555
281.412,-0.75,0.575
281.416,-0.745,0.605
281.42,-0.75,0.62
281.424,-0.74,0.635
281.428,-0.725,0.635
281.432,-0.725,0.655
281.436,-0.72,0.64
281.44,-0.69,0.645
281.444,-0.7,0.67
281.448,-0.705,0.67
281.452,-0.705,0.685
281.456,-0.71,0.715
281.46,-0.69,0.705
281.464,-0.665,0.695
281.468,-0.615,0.685
281.472,-0.61,0.675
281.476,-0.595,0.67
281.48,-0.605,0.655
281.484,-0.61,0.645
281.488,-0.605,0.625
281.492,-0.565,0.595
281.496,-0.54,0.575
281.5,-0.52,0.565
281.504,-0.495,0.5
281.508,-0.48,0.475
281.512,-0.48,0.445
281.516,-0.47,0.395
281.52,-0.465,0.36
281.524,-0.475,0.315
281.528,-0.475,0.265
281.532,-0.46,0.225
281.536,-0.45,0.16
281.54,-0.45,0.13
281.544,-0.435,0.075
281.548,-0.43,0.03
281.552,-0.445,0.02
281.556,-0.46,-0.035
281.56,-0.47,-0.065
281.564,-0.47,-0.075
281.568,-0.47,-0.095
281.572,-0.46,-0.135
281.576,-0.475,-0.13
281.58,-0.455,-0.16
281.584,-0.475,-0.15
281.588,-0.495,-0.155
281.592,-0.5,-0.165
281.596,-0.515,-0.18
281.6,-0.515,-0.18
281.604,-0.52,-0.16
281.608,-0.52,-0.155
281.612,-0.51,-0.155
281.616,-0.5,-0.2
281.62,-0.49,-0.175
281.624,-0.525,-0.17
281.628,-0.53,-0.16
281.632,-0.545,-0.175
281.636,-0.545,-0.16
281.64,-0.53,-0.16
281.644,-0.51,-0.165
281.648,-0.505,-0.175
281.652,-0.52,-0.16
281.656,-0.53,-0.145
281.66,-0.525,-0.16
281.664,-0.53,-0.145
281.668,-0.525,-0.145
281.672,-0.515,-0.13
281.676,-0.53,-0.16
281.68,-0.54,-0.165
281.684,-0.54,-0.175
281.688,-0.545,-0.195
281.692,-0.54,-0.185
281.696,-0.505,-0.205
281.7,-0.52,-0.19
281.704,-0.505,-0.19
281.708,-0.515,-0.21
281.712,-0.5,-0.19
281.716,-0.51,-0.195
281.72,-0.465,-0.225
281.724,-0.475,-0.215
281.728,-0.5,-0.225
281.732,-0.515,-0.23
281.736,-0.525,-0.22
281.74,-0.505,-0.225
281.744,-0.53,-0.22
281.748,-0.51,-0.24
281.752,-0.5,-0.245
281.756,-0.49,-0.23
281.76,-0.465,-0.235
281.764,-0.46,-0.25
281.768,-0.46,-0.245
281.772,-0.45,-0.255
281.776,-0.4,-0.255
281.78,-0.375,-0.24
281.784,-0.35,-0.235
281.788,-0.335,-0.255
281.792,-0.35,-0.24
281.796,-0.33,-0.195
281.8,-0.315,-0.2
281.804,-0.3,-0.175
281.808,-0.275,-0.18
281.812,-0.285,-0.155
281.816,-0.24,-0.145
281.82,-0.245,-0.14
281.824,-0.265,-0.135
281.828,-0.295,-0.175
281.832,-0.32,-0.17
281.836,-0.345,-0.17
281.84,-0.34,-0.185
281.844,-0.345,-0.21
281.848,-0.385,-0.23
281.852,-0.415,-0.245
281.856,-0.425,-0.24
281.86,-0.415,-0.265
281.864,-0.415,-0.285
281.868,-0.45,-0.275
281.872,-0.465,-0.305
281.876,-0.5,-0.29
281.88,-0.52,-0.31
281.884,-0.55,-0.32
281.888,-0.54,-0.29
281.892,-0.545,-0.305
281.896,-0.535,-0.305
281.9,-0.515,-0.29
281.904,-0.53,-0.29
281.908,-0.53,-0.295
281.912,-0.54,-0.295
281.916,-0.555,-0.31
281.92,-0.535,-0.315
281.924,-0.525,-0.315
281.928,-0.53,-0.305
281.932,-0.53,-0.3
281.936,-0.53,-0.315
281.94,-0.51,-0.31
281.944,-0.505,-0.305
281.948,-0.54,-0.32
281.952,-0.55,-0.29
281.956,-0.54,-0.28
281.96,-0.53,-0.305
281.964,-0.495,-0.29
281.968,-0.48,-0.295
281.972,-0.48,-0.27
281.976,-0.455,-0.28
281.98,-0.41,-0.275
281.984,-0.38,-0.285
281.988,-0.32,-0.315
281.992,-0.2,-0.28
281.996,-0.065,-0.295
282,0.135,-0.305
282.004,0.375,-0.325
282.008,0.585,-0.33
282.012,0.715,-0.325
282.016,0.8,-0.33
282.02,0.855,-0.445
282.024,0.855,-0.795
282.028,0.8,-1.41
282.032,0.71,-2.05
282.036,0.61,-2.655
282.04,0.535,-2.98
282.044,0.53,-3.11
282.048,0.53,-3.17
282.052,0.52,-3.21
282.056,0.515,-3.22
282.06,0.41,-3.22
282.064,0.315,-3.185
282.068,0.19,-3.085
282.072,0.17,-2.91
282.076,0.245,-2.705
282.08,0.39,-2.555
282.084,0.495,-2.45
282.088,0.45,-2.315
282.092,0.24,-2.12
282.096,-0.03,-1.835
282.1,-0.22,-1.525
282.104,-0.335,-1.175
282.108,-0.405,-0.93
282.112,-0.375,-0.77
282.116,-0.41,-0.635
282.12,-0.455,-0.49
282.124,-0.525,-0.35
282.128,-0.565,-0.19
282.132,-0.57,-0.06
282.136,-0.56,0.035
282.14,-0.555,0.05
282.144,-0.575,0.09
282.148,-0.565,0.1
282.152,-0.53,0.085
282.156,-0.545,0.1
282.16,-0.52,0.105
282.164,-0.53,0.095
282.168,-0.54,0.115
282.172,-0.55,0.105
282.176,-0.56,0.135
282.18,-0.585,0.145
282.184,-0.565,0.155
282.188,-0.55,0.165
282.192,-0.555,0.16
282.196,-0.555,0.19
282.2,-0.57,0.195
282.204,-0.545,0.205
282.208,-0.565,0.19
282.212,-0.58,0.23
282.216,-0.595,0.225
282.22,-0.61,0.235
282.224,-0.6,0.235
282.228,-0.6,0.25
282.232,-0.605,0.25
282.236,-0.595,0.26
282.24,-0.605,0.295
282.244,-0.625,0.285
282.248,-0.655,0.305
282.252,-0.665,0.325
282.256,-0.64,0.35
282.26,-0.635,0.345
282.264,-0.635,0.36
282.268,-0.63,0.365
282.272,-0.64,0.39
282.276,-0.67,0.405
282.28,-0.705,0.425
282.284,-0.715,0.46
282.288,-0.705,0.47
282.292,-0.72,0.5
282.296,-0.72,0.51
282.3,-0.69,0.53
282.304,-0.7,0.55
282.308,-0.68,0.57
282.312,-0.7,0.575
282.316,-0.7,0.6
282.32,-0.735,0.625
282.324,-0.73,0.645
282.328,-0.71,0.665
282.332,-0.72,0.7
282.336,-0.7,0.695
282.34,-0.695,0.72
282.344,-0.71,0.715
282.348,-0.715,0.725
282.352,-0.715,0.735
282.356,-0.7,0.745
282.36,-0.68,0.755
282.364,-0.695,0.77
282.368,-0.665,0.775
282.372,-0.64,0.78
282.376,-0.64,0.755
282.38,-0.62,0.77
282.384,-0.62,0.755
282.388,-0.625,0.72
282.392,-0.605,0.72
282.396,-0.56,0.73
282.4,-0.54,0.71
282.404,-0.52,0.66
282.408,-0.505,0.645
282.412,-0.48,0.585
282.416,-0.45,0.56
282.42,-0.44,0.525
282.424,-0.45,0.47
282.428,-0.44,0.42
282.432,-0.435,0.37
282.436,-0.425,0.315
282.44,-0.41,0.275
282.444,-0.405,0.23
282.448,-0.37,0.18
282.452,-0.385,0.11
282.456,-0.385,0.055
282.46,-0.4,0.03
282.464,-0.44,-0.015
282.468,-0.45,-0.045
282.472,-0.44,-0.06
282.476,-0.44,-0.08
282.48,-0.445,-0.1
282.484,-0.43,-0.12
282.488,-0.445,-0.145
282.492,-0.46,-0.175
282.496,-0.465,-0.19
282.5,-0.465,-0.19
282.504,-0.47,-0.175
282.508,-0.48,-0.18
282.512,-0.445,-0.18
282.516,-0.465,-0.17
282.52,-0.455,-0.205
282.524,-0.455,-0.2
282.528,-0.46,-0.185
282.532,-0.45,-0.18
282.536,-0.48,-0.17
282.54,-0.49,-0.16
282.544,-0.49,-0.15
282.548,-0.505,-0.16
282.552,-0.495,-0.195
282.556,-0.475,-0.18
282.56,-0.455,-0.15
282.564,-0.455,-0.165
282.568,-0.475,-0.155
282.572,-0.495,-0.16
282.576,-0.495,-0.165
282.58,-0.51,-0.175
282.584,-0.515,-0.155
282.588,-0.5,-0.155
282.592,-0.475,-0.18
282.596,-0.475,-0.175
282.6,-0.475,-0.195
282.604,-0.46,-0.18
282.608,-0.47,-0.195
282.612,-0.475,-0.165
282.616,-0.485,-0.19
282.62,-0.475,-0.19
282.624,-0.48,-0.19
282.628,-0.45,-0.21
282.632,-0.45,-0.215
282.636,-0.455,-0.2
282.64,-0.455,-0.19
282.644,-0.475,-0.22
282.648,-0.47,-0.205
282.652,-0.465,-0.21
282.656,-0.445,-0.225
282.66,-0.45,-0.23
282.664,-0.425,-0.225
282.668,-0.435,-0.24
282.672,-0.425,-0.24
282.676,-0.44,-0.24
282.68,-0.42,-0.25
282.684,-0.43,-0.23
282.688,-0.4,-0.24
282.692,-0.4,-0.24
282.696,-0.355,-0.23
282.7,-0.32,-0.23
282.704,-0.29,-0.25
282.708,-0.3,-0.23
282.712,-0.265,-0.225
282.716,-0.265,-0.195
282.72,-0.24,-0.18
282.724,-0.245,-0.165
282.728,-0.215,-0.155
282.732,-0.175,-0.16
282.736,-0.17,-0.115
282.74,-0.19,-0.13
282.744,-0.195,-0.12
282.748,-0.245,-0.145
282.752,-0.265,-0.16
282.756,-0.275,-0.17
282.76,-0.275,-0.16
282.764,-0.3,-0.205
282.768,-0.31,-0.225
282.772,-0.32,-0.24
282.776,-0.335,-0.245
282.78,-0.35,-0.26
282.784,-0.375,-0.275
282.788,-0.375,-0.275
282.792,-0.405,-0.29
282.796,-0.435,-0.3
282.8,-0.46,-0.3
282.804,-0.465,-0.285
282.808,-0.47,-0.29
282.812,-0.465,-0.3
282.816,-0.5,-0.285
282.82,-0.52,-0.285
282.824,-0.52,-0.295
282.828,-0.515,-0.295
282.832,-0.515,-0.31
282.836,-0.51,-0.29
282.84,-0.495,-0.275
282.844,-0.5,-0.285
282.848,-0.47,-0.28
282.852,-0.48,-0.29
282.856,-0.485,-0.29
282.86,-0.505,-0.3
282.864,-0.505,-0.29
282.868,-0.515,-0.295
282.872,-0.495,-0.295
282.876,-0.48,-0.305
282.88,-0.48,-0.3
282.884,-0.47,-0.3
282.888,-0.45,-0.295
282.892,-0.46,-0.305
282.896,-0.435,-0.29
282.9,-0.41,-0.285
282.904,-0.355,-0.305
282.908,-0.295,-0.295
282.912,-0.195,-0.3
282.916,-0.08,-0.315
282.92,0.135,-0.32
282.924,0.345,-0.335
282.928,0.525,-0.355
282.932,0.62,-0.34
282.936,0.64,-0.34
282.94,0.68,-0.46
282.944,0.665,-0.85
282.948,0.61,-1.49
282.952,0.55,-2.13
282.956,0.495,-2.765
282.96,0.475,-3.035
282.964,0.465,-3.145
282.968,0.485,-3.215
282.972,0.5,-3.235
282.976,0.475,-3.25
282.98,0.44,-3.23
282.984,0.355,-3.215
282.988,0.255,-3.08
282.992,0.205,-2.925
282.996,0.28,-2.735
283,0.41,-2.61
283.004,0.515,-2.525
283.008,0.51,-2.43
283.012,0.365,-2.24
283.016,0.13,-1.98
283.02,-0.11,-1.645
283.024,-0.265,-1.32
283.028,-0.33,-1.04
283.032,-0.33,-0.825
283.036,-0.32,-0.685
283.04,-0.37,-0.575
283.044,-0.43,-0.45
283.048,-0.505,-0.28
283.052,-0.525,-0.145
283.056,-0.52,-0.01
283.06,-0.51,0.085
283.064,-0.51,0.09
283.068,-0.53,0.085
283.072,-0.525,0.09
283.076,-0.52,0.115
283.08,-0.515,0.09
283.084,-0.515,0.115
283.088,-0.525,0.135
283.092,-0.5,0.145
283.096,-0.515,0.18
283.1,-0.495,0.17
283.104,-0.485,0.16
283.108,-0.475,0.175
283.112,-0.505,0.19
283.116,-0.505,0.19
283.12,-0.52,0.18
283.124,-0.53,0.21
283.128,-0.535,0.235
283.132,-0.54,0.23
283.136,-0.52,0.24
283.14,-0.545,0.265
283.144,-0.545,0.265
283.148,-0.545,0.275
283.152,-0.555,0.285
283.156,-0.575,0.305
283.16,-0.58,0.31
283.164,-0.605,0.325
283.168,-0.61,0.335
283.172,-0.62,0.35
283.176,-0.59,0.37
283.18,-0.555,0.375
283.184,-0.605,0.38
283.188,-0.625,0.41
283.192,-0.66,0.425
283.196,-0.68,0.435
283.2,-0.675,0.465
283.204,-0.69,0.47
283.208,-0.675,0.48
283.212,-0.66,0.495
283.216,-0.665,0.53
283.22,-0.67,0.545
283.224,-0.685,0.55
283.228,-0.7,0.57
283.232,-0.705,0.61
283.236,-0.71,0.635
283.24,-0.695,0.655
283.244,-0.685,0.655
283.248,-0.69,0.67
283.252,-0.675,0.685
283.256,-0.665,0.695
283.26,-0.685,0.73
283.264,-0.69,0.725
283.268,-0.685,0.76
283.272,-0.68,0.765
283.276,-0.67,0.745
283.28,-0.655,0.775
283.284,-0.64,0.785
283.288,-0.62,0.76
283.292,-0.615,0.755
283.296,-0.6,0.765
283.3,-0.59,0.76
283.304,-0.585,0.75
283.308,-0.575,0.755
283.312,-0.595,0.75
283.316,-0.56,0.73
283.32,-0.545,0.695
283.324,-0.51,0.675
283.328,-0.495,0.65
283.332,-0.47,0.585
283.336,-0.455,0.56
283.34,-0.455,0.535
283.344,-0.445,0.49
283.348,-0.44,0.47
283.352,-0.435,0.425
283.356,-0.405,0.345
283.36,-0.385,0.315
283.364,-0.39,0.245
283.368,-0.395,0.215
283.372,-0.395,0.145
283.376,-0.405,0.125
283.38,-0.415,0.075
283.384,-0.415,0.035
283.388,-0.42,0.005
283.392,-0.415,-0.01
283.396,-0.41,-0.04
283.4,-0.395,-0.06
283.404,-0.425,-0.085
283.408,-0.415,-0.115
283.412,-0.42,-0.13
283.416,-0.44,-0.12
283.42,-0.475,-0.13
283.424,-0.455,-0.145
283.428,-0.46,-0.145
283.432,-0.46,-0.145
283.436,-0.475,-0.16
283.44,-0.48,-0.175
283.444,-0.48,-0.16
283.448,-0.5,-0.14
283.452,-0.48,-0.15
283.456,-0.48,-0.16
283.46,-0.505,-0.15
283.464,-0.49,-0.16
283.468,-0.49,-0.16
283.472,-0.5,-0.16
283.476,-0.495,-0.16
283.48,-0.485,-0.165
283.484,-0.505,-0.145
283.488,-0.52,-0.15
283.492,-0.535,-0.165
283.496,-0.52,-0.145
283.5,-0.52,-0.16
283.504,-0.51,-0.18
283.508,-0.525,-0.175
283.512,-0.52,-0.17
283.516,-0.505,-0.18
283.52,-0.51,-0.19
283.524,-0.515,-0.19
283.528,-0.515,-0.195
283.532,-0.52,-0.19
283.536,-0.5,-0.185
283.54,-0.495,-0.2
283.544,-0.48,-0.23
283.548,-0.485,-0.235
283.552,-0.495,-0.21
283.556,-0.485,-0.23
283.56,-0.48,-0.24
283.564,-0.515,-0.23
283.568,-0.515,-0.23
283.572,-0.5,-0.255
283.576,-0.51,-0.23
283.58,-0.505,-0.26
283.584,-0.485,-0.265
283.588,-0.51,-0.25
283.592,-0.525,-0.255
283.596,-0.52,-0.26
283.6,-0.51,-0.255
283.604,-0.515,-0.25
283.608,-0.51,-0.27
283.612,-0.48,-0.25
283.616,-0.48,-0.26
283.62,-0.465,-0.28
283.624,-0.46,-0.28
283.628,-0.43,-0.28
283.632,-0.43,-0.25
283.636,-0.395,-0.26
283.64,-0.38,-0.235
283.644,-0.35,-0.215
283.648,-0.33,-0.195
283.652,-0.315,-0.19
283.656,-0.305,-0.2
283.66,-0.28,-0.18
283.664,-0.28,-0.16
283.668,-0.255,-0.155
283.672,-0.265,-0.145
283.676,-0.29,-0.135
283.68,-0.305,-0.15
283.684,-0.31,-0.16
283.688,-0.33,-0.17
283.692,-0.33,-0.17
283.696,-0.35,-0.215
283.7,-0.395,-0.255
283.704,-0.405,-0.26
283.708,-0.42,-0.26
283.712,-0.44,-0.26
283.716,-0.44,-0.285
283.72,-0.445,-0.305
283.724,-0.475,-0.3
283.728,-0.495,-0.33
283.732,-0.51,-0.33
283.736,-0.55,-0.33
283.74,-0.59,-0.32
283.744,-0.59,-0.305
283.748,-0.58,-0.295
283.752,-0.585,-0.305
283.756,-0.585,-0.315
283.76,-0.585,-0.325
283.764,-0.585,-0.31
283.768,-0.57,-0.315
283.772,-0.58,-0.32
283.776,-0.59,-0.32
283.78,-0.585,-0.285
283.784,-0.585,-0.32
283.788,-0.565,-0.33
283.792,-0.58,-0.3
283.796,-0.575,-0.3
283.8,-0.58,-0.33
283.804,-0.58,-0.31
283.808,-0.575,-0.305
283.812,-0.565,-0.3
283.816,-0.585,-0.31
283.82,-0.565,-0.305
283.824,-0.55,-0.305
283.828,-0.51,-0.3
283.832,-0.5,-0.29
283.836,-0.45,-0.3
283.84,-0.4,-0.3
283.844,-0.325,-0.3
283.848,-0.19,-0.315
283.852,0,-0.33
283.856,0.21,-0.34
283.86,0.37,-0.315
283.864,0.515,-0.265
283.868,0.58,-0.245
283.872,0.595,-0.42
283.876,0.595,-0.96
283.88,0.54,-1.6
283.884,0.435,-2.24
283.888,0.33,-2.88
283.892,0.305,-3.195
283.896,0.295,-3.305
283.9,0.335,-3.345
283.904,0.365,-3.38
283.908,0.36,-3.405
283.912,0.275,-3.4
283.916,0.165,-3.33
283.92,0.075,-3.16
283.924,0.025,-2.96
283.928,0.11,-2.77
283.932,0.26,-2.665
283.936,0.335,-2.575
283.94,0.31,-2.455
283.944,0.14,-2.205
283.948,-0.115,-1.855
283.952,-0.31,-1.465
283.956,-0.445,-1.135
283.96,-0.465,-0.9
283.964,-0.46,-0.73
283.968,-0.5,-0.6
283.972,-0.55,-0.46
283.976,-0.605,-0.24
283.98,-0.625,-0.06
283.984,-0.615,0.055
283.988,-0.59,0.12
283.992,-0.605,0.145
283.996,-0.595,0.145
284,-0.605,0.15
284.004,-0.62,0.155
284.008,-0.64,0.175
284.012,-0.595,0.18
284.016,-0.61,0.185
284.02,-0.61,0.2
284.024,-0.6,0.185
284.028,-0.605,0.21
284.032,-0.605,0.23
284.036,-0.625,0.225
284.04,-0.61,0.245
284.044,-0.61,0.25
284.048,-0.62,0.24
284.052,-0.615,0.245
284.056,-0.625,0.27
284.06,-0.62,0.27
284.064,-0.63,0.275
284.068,-0.64,0.275
284.072,-0.64,0.3
284.076,-0.665,0.315
284.08,-0.67,0.305
284.084,-0.655,0.345
284.088,-0.655,0.355
284.092,-0.64,0.36
284.096,-0.675,0.375
284.1,-0.68,0.375
284.104,-0.7,0.4
284.108,-0.715,0.405
284.112,-0.715,0.415
284.116,-0.745,0.435
284.12,-0.745,0.455
284.124,-0.735,0.48
284.128,-0.745,0.485
284.132,-0.745,0.48
284.136,-0.775,0.52
284.14,-0.785,0.545
284.144,-0.76,0.575
284.148,-0.77,0.58
284.152,-0.765,0.62
284.156,-0.785,0.635
284.16,-0.77,0.625
284.164,-0.765,0.67
284.168,-0.79,0.685
284.172,-0.775,0.695
284.176,-0.755,0.71
284.18,-0.78,0.735
284.184,-0.77,0.79
284.188,-0.76,0.785
284.192,-0.755,0.79
284.196,-0.755,0.805
284.2,-0.755,0.825
284.204,-0.745,0.825
284.208,-0.74,0.825
284.212,-0.745,0.835
284.216,-0.74,0.82
284.22,-0.725,0.835
284.224,-0.715,0.86
284.228,-0.685,0.855
284.232,-0.67,0.855
284.236,-0.645,0.82
284.24,-0.65,0.795
284.244,-0.625,0.79
284.248,-0.64,0.785
284.252,-0.62,0.77
284.256,-0.6,0.735
284.26,-0.57,0.7
284.264,-0.545,0.665
284.268,-0.515,0.605
284.272,-0.5,0.575
284.276,-0.495,0.52
284.28,-0.48,0.465
284.284,-0.495,0.415
284.288,-0.5,0.375
284.292,-0.49,0.305
284.296,-0.49,0.27
284.3,-0.485,0.215
284.304,-0.475,0.155
284.308,-0.465,0.115
284.312,-0.46,0.085
284.316,-0.48,0.05
284.32,-0.51,0.005
284.324,-0.495,-0.01
284.328,-0.515,-0.02
284.332,-0.505,-0.065
284.336,-0.51,-0.085
284.34,-0.51,-0.08
284.344,-0.51,-0.095
284.348,-0.515,-0.11
284.352,-0.545,-0.11
284.356,-0.58,-0.12
284.36,-0.565,-0.125
284.364,-0.58,-0.11
284.368,-0.615,-0.135
284.372,-0.65,-0.125
284.376,-0.755,-0.12
284.38,-0.875,-0.125
284.384,-0.98,-0.135
284.388,-1.035,-0.125
284.392,-1.135,-0.11
284.396,-1.25,-0.08
284.4,-1.345,-0.06
284.404,-1.465,-0.015
284.408,-1.59,0.025
284.412,-1.71,0.04
284.416,-1.765,0.065
284.42,-1.82,0.115
284.424,-1.88,0.17
284.428,-1.945,0.21
284.432,-2.05,0.24
284.436,-2.2,0.3
284.44,-2.33,0.355
284.444,-2.46,0.4
284.448,-2.515,0.455
284.452,-2.58,0.515
284.456,-2.665,0.58
284.46,-2.755,0.625
284.464,-2.82,0.66
284.468,-2.89,0.68
284.472,-2.97,0.705
284.476,-3.06,0.675
284.48,-3.125,0.635
284.484,-3.17,0.58
284.488,-3.185,0.51
284.492,-3.215,0.42
284.496,-3.235,0.35
284.5,-3.2,0.29
284.504,-3.14,0.25
284.508,-3.035,0.19
284.512,-2.91,0.15
284.516,-2.77,0.125
284.52,-2.56,0.13
284.524,-2.36,0.185
284.528,-2.2,0.245
284.532,-2.075,0.275
284.536,-1.945,0.245
284.54,-1.735,0.17
284.544,-1.51,0.065
284.548,-1.26,-0.065
284.552,-0.98,-0.26
284.556,-0.665,-0.56
284.56,-0.38,-0.83
284.564,-0.215,-1.005
284.568,-0.08,-1.04
284.572,0.025,-0.94
284.576,0.135,-0.745
284.58,0.215,-0.555
284.584,0.295,-0.43
284.588,0.32,-0.4
284.592,0.325,-0.39
284.596,0.345,-0.41
284.6,0.375,-0.46
284.604,0.395,-0.47
284.608,0.42,-0.48
284.612,0.455,-0.505
284.616,0.465,-0.49
284.62,0.49,-0.46
284.624,0.515,-0.43
284.628,0.54,-0.435
284.632,0.555,-0.43
284.636,0.545,-0.445
284.64,0.555,-0.435
284.644,0.555,-0.435
284.648,0.555,-0.425
284.652,0.565,-0.42
284.656,0.595,-0.415
284.66,0.625,-0.395
284.664,0.645,-0.405
284.668,0.695,-0.415
284.672,0.71,-0.42
284.676,0.75,-0.42
284.68,0.775,-0.43
284.684,0.815,-0.425
284.688,0.835,-0.43
284.692,0.875,-0.445
284.696,0.895,-0.445
284.7,0.925,-0.42
284.704,0.95,-0.445
284.708,1,-0.445
284.712,1.045,-0.465
284.716,1.06,-0.48
284.72,1.075,-0.45
284.724,1.085,-0.44
284.728,1.09,-0.44
284.732,1.11,-0.445
284.736,1.145,-0.425
284.74,1.155,-0.44
284.744,1.18,-0.43
284.748,1.205,-0.435
284.752,1.205,-0.415
284.756,1.21,-0.425
284.76,1.22,-0.42
284.764,1.21,-0.415
284.768,1.195,-0.4
284.772,1.22,-0.385
284.776,1.235,-0.38
284.78,1.23,-0.375
284.784,1.22,-0.355
284.788,1.205,-0.35
284.792,1.185,-0.325
284.796,1.175,-0.295
284.8,1.16,-0.27
284.804,1.095,-0.245
284.808,1.065,-0.255
284.812,1.045,-0.225
284.816,1.025,-0.195
284.82,1,-0.18
284.824,0.975,-0.155
284.828,0.94,-0.13
284.832,0.89,-0.095
284.836,0.84,-0.065
284.84,0.79,-0.06
284.844,0.76,-0.025
284.848,0.71,-0.03
284.852,0.665,-0.01
284.856,0.635,-0.02
284.86,0.575,0.02
284.864,0.51,0.03
284.868,0.47,0.045
284.872,0.425,0.075
284.876,0.36,0.075
284.88,0.315,0.115
284.884,0.265,0.105
284.888,0.225,0.12
284.892,0.19,0.105
284.896,0.155,0.085
284.9,0.105,0.1
284.904,0.04,0.075
284.908,-0.015,0.055
284.912,-0.05,0.08
284.916,-0.09,0.045
284.92,-0.115,0.02
284.924,-0.135,-0.01
284.928,-0.15,-0.015
284.932,-0.21,-0.055
284.936,-0.245,-0.065
284.94,-0.265,-0.085
284.944,-0.295,-0.105
284.948,-0.335,-0.115
284.952,-0.335,-0.15
284.956,-0.35,-0.15
284.96,-0.345,-0.16
284.964,-0.35,-0.175
284.968,-0.365,-0.185
284.972,-0.4,-0.195
284.976,-0.4,-0.195
284.98,-0.425,-0.215
284.984,-0.455,-0.195
284.988,-0.445,-0.22
284.992,-0.46,-0.205
284.996,-0.47,-0.235
285,-0.445,-0.225
285.004,-0.425,-0.245
285.008,-0.445,-0.255
285.012,-0.46,-0.25
285.016,-0.48,-0.26
285.02,-0.485,-0.215
285.024,-0.46,-0.25
285.028,-0.485,-0.235
285.032,-0.48,-0.24
285.036,-0.49,-0.255
285.04,-0.495,-0.255
285.044,-0.48,-0.255
285.048,-0.485,-0.26
285.052,-0.49,-0.265
285.056,-0.5,-0.265
285.06,-0.51,-0.265
285.064,-0.5,-0.255
285.068,-0.49,-0.265
285.072,-0.475,-0.265
285.076,-0.465,-0.24
285.08,-0.48,-0.255
285.084,-0.48,-0.275
285.088,-0.5,-0.27
285.092,-0.505,-0.27
285.096,-0.49,-0.285
285.1,-0.485,-0.29
285.104,-0.475,-0.27
285.108,-0.45,-0.265
285.112,-0.465,-0.29
285.116,-0.48,-0.27
285.12,-0.48,-0.295
285.124,-0.47,-0.31
285.128,-0.48,-0.285
285.132,-0.47,-0.285
285.136,-0.48,-0.285
285.14,-0.48,-0.265
285.144,-0.48,-0.28
285.148,-0.47,-0.29
285.152,-0.465,-0.275
285.156,-0.465,-0.275
285.16,-0.49,-0.285
285.164,-0.47,-0.275
285.168,-0.505,-0.265
285.172,-0.505,-0.27
285.176,-0.48,-0.27
285.18,-0.49,-0.27
285.184,-0.495,-0.285
285.188,-0.495,-0.295
285.192,-0.465,-0.29
285.196,-0.48,-0.275
285.2,-0.49,-0.28
285.204,-0.485,-0.28
285.208,-0.495,-0.26
285.212,-0.495,-0.26
285.216,-0.49,-0.25
285.22,-0.465,-0.275
285.224,-0.465,-0.25
285.228,-0.48,-0.275
285.232,-0.455,-0.26
285.236,-0.475,-0.245
285.24,-0.485,-0.26
285.244,-0.49,-0.255
285.248,-0.485,-0.265
285.252,-0.475,-0.27
285.256,-0.475,-0.27
285.26,-0.455,-0.275
285.264,-0.455,-0.28
285.268,-0.47,-0.275
285.272,-0.49,-0.255
285.276,-0.465,-0.265
285.28,-0.48,-0.265
285.284,-0.485,-0.27
285.288,-0.475,-0.255
285.292,-0.475,-0.29
285.296,-0.46,-0.285
285.3,-0.48,-0.28
285.304,-0.465,-0.3
285.308,-0.475,-0.29
285.312,-0.485,-0.275
285.316,-0.48,-0.27
285.32,-0.49,-0.29
285.324,-0.48,-0.26
285.328,-0.47,-0.28
285.332,-0.475,-0.28
285.336,-0.465,-0.29
285.34,-0.455,-0.285
285.344,-0.45,-0.305
285.348,-0.485,-0.295
285.352,-0.485,-0.305
285.356,-0.505,-0.305
285.36,-0.505,-0.275
285.364,-0.5,-0.28
285.368,-0.48,-0.275
285.372,-0.46,-0.285
285.376,-0.495,-0.305
285.38,-0.485,-0.285
285.384,-0.48,-0.3
285.388,-0.485,-0.285
285.392,-0.49,-0.3
285.396,-0.485,-0.285
285.4,-0.455,-0.31
285.404,-0.475,-0.295
285.408,-0.465,-0.3
285.412,-0.455,-0.295
285.416,-0.455,-0.31
285.42,-0.475,-0.315
285.424,-0.495,-0.29
285.428,-0.485,-0.305
285.432,-0.49,-0.295
285.436,-0.48,-0.295
285.44,-0.45,-0.315
285.444,-0.43,-0.31
285.448,-0.41,-0.295
285.452,-0.405,-0.315
285.456,-0.395,-0.28
285.46,-0.39,-0.29
285.464,-0.38,-0.26
285.468,-0.37,-0.265
285.472,-0.32,-0.225
285.476,-0.315,-0.22
285.48,-0.295,-0.205
285.484,-0.285,-0.21
285.488,-0.26,-0.17
285.492,-0.27,-0.16
285.496,-0.275,-0.175
285.5,-0.275,-0.175
285.504,-0.315,-0.185
285.508,-0.33,-0.185
285.512,-0.32,-0.185
285.516,-0.32,-0.225
285.52,-0.335,-0.245
285.524,-0.345,-0.285
285.528,-0.385,-0.29
285.532,-0.395,-0.285
285.536,-0.415,-0.295
285.54,-0.43,-0.315
285.544,-0.445,-0.315
285.548,-0.445,-0.34
285.552,-0.44,-0.345
285.556,-0.48,-0.35
285.56,-0.52,-0.365
285.564,-0.525,-0.365
285.568,-0.535,-0.35
285.572,-0.54,-0.35
285.576,-0.55,-0.35
285.58,-0.54,-0.32
285.584,-0.55,-0.345
285.588,-0.54,-0.355
285.592,-0.545,-0.375
285.596,-0.535,-0.355
285.6,-0.55,-0.365
285.604,-0.57,-0.355
285.608,-0.565,-0.36
285.612,-0.57,-0.36
285.616,-0.55,-0.365
285.62,-0.535,-0.34
285.624,-0.535,-0.335
285.628,-0.52,-0.35
285.632,-0.52,-0.375
285.636,-0.525,-0.35
285.64,-0.53,-0.345
285.644,-0.525,-0.34
285.648,-0.535,-0.345
285.652,-0.52,-0.32
285.656,-0.475,-0.35
285.66,-0.38,-0.34
285.664,-0.295,-0.355
285.668,-0.165,-0.37
285.672,0.005,-0.38
285.676,0.195,-0.38
285.68,0.325,-0.345
285.684,0.405,-0.285
285.688,0.495,-0.27
285.692,0.53,-0.545
285.696,0.51,-1.175
285.7,0.475,-1.815
285.704,0.385,-2.455
285.708,0.305,-3.095
285.712,0.31,-3.35
285.716,0.29,-3.43
285.72,0.3,-3.505
285.724,0.335,-3.53
285.728,0.3,-3.54
285.732,0.22,-3.525
285.736,0.11,-3.45
285.74,0.005,-3.3
285.744,-0.04,-3.11
285.748,0.045,-2.97
285.752,0.175,-2.885
285.756,0.255,-2.8
285.76,0.165,-2.655
285.764,-0.02,-2.37
285.768,-0.205,-2
285.772,-0.36,-1.61
285.776,-0.415,-1.235
285.78,-0.435,-0.995
285.784,-0.435,-0.805
285.788,-0.455,-0.675
285.792,-0.525,-0.5
285.796,-0.57,-0.3
285.8,-0.6,-0.135
285.804,-0.605,0
285.808,-0.57,0.065
285.812,-0.575,0.1
285.816,-0.565,0.055
285.82,-0.57,0.085
285.824,-0.585,0.12
285.828,-0.6,0.11
285.832,-0.59,0.12
285.836,-0.61,0.14
285.84,-0.595,0.155
285.844,-0.58,0.145
285.848,-0.58,0.155
285.852,-0.58,0.16
285.856,-0.585,0.145
285.86,-0.605,0.155
285.864,-0.61,0.18
285.868,-0.615,0.2
285.872,-0.63,0.19
285.876,-0.65,0.21
285.88,-0.615,0.225
285.884,-0.63,0.22
285.888,-0.62,0.24
285.892,-0.65,0.245
285.896,-0.655,0.27
285.9,-0.685,0.26
285.904,-0.695,0.27
285.908,-0.705,0.275
285.912,-0.71,0.315
285.916,-0.705,0.315
285.92,-0.69,0.32
285.924,-0.69,0.315
285.928,-0.71,0.34
285.932,-0.715,0.35
285.936,-0.715,0.375
285.94,-0.73,0.38
285.944,-0.74,0.405
285.948,-0.76,0.41
285.952,-0.74,0.415
285.956,-0.72,0.45
285.96,-0.75,0.45
285.964,-0.75,0.5
285.968,-0.75,0.51
285.972,-0.76,0.55
285.976,-0.755,0.535
285.98,-0.755,0.565
285.984,-0.76,0.615
285.988,-0.75,0.615
285.992,-0.75,0.635
285.996,-0.73,0.645
286,-0.755,0.66
286.004,-0.755,0.685
286.008,-0.75,0.695
286.012,-0.76,0.72
286.016,-0.735,0.74
286.02,-0.73,0.755
286.024,-0.72,0.77
286.028,-0.705,0.755
286.032,-0.7,0.76
286.036,-0.7,0.775
286.04,-0.695,0.785
286.044,-0.72,0.785
286.048,-0.705,0.8
286.052,-0.695,0.79
286.056,-0.695,0.77
286.06,-0.68,0.785
286.064,-0.64,0.775
286.068,-0.635,0.75
286.072,-0.605,0.735
286.076,-0.595,0.735
286.08,-0.59,0.72
286.084,-0.59,0.685
286.088,-0.575,0.66
286.092,-0.575,0.65
286.096,-0.56,0.615
286.1,-0.545,0.565
286.104,-0.53,0.51
286.108,-0.52,0.48
286.112,-0.525,0.415
286.116,-0.52,0.375
286.12,-0.515,0.345
286.124,-0.53,0.295
286.128,-0.495,0.235
286.132,-0.525,0.19
286.136,-0.495,0.165
286.14,-0.495,0.12
286.144,-0.495,0.085
286.148,-0.5,0.05
286.152,-0.53,0.015
286.156,-0.52,-0.025
286.16,-0.545,-0.025
286.164,-0.535,-0.05
286.168,-0.52,-0.06
286.172,-0.53,-0.04
286.176,-0.545,-0.08
286.18,-0.52,-0.095
286.184,-0.53,-0.095
286.188,-0.555,-0.09
286.192,-0.56,-0.1
286.196,-0.56,-0.105
286.2,-0.585,-0.095
286.204,-0.575,-0.1
286.208,-0.555,-0.085
286.212,-0.565,-0.07
286.216,-0.575,-0.1
286.22,-0.565,-0.095
286.224,-0.575,-0.08
286.228,-0.58,-0.08
286.232,-0.565,-0.075
286.236,-0.56,-0.085
286.24,-0.57,-0.06
286.244,-0.57,-0.085
286.248,-0.575,-0.08
286.252,-0.57,-0.09
286.256,-0.58,-0.09
286.26,-0.59,-0.12
286.264,-0.56,-0.09
286.268,-0.58,-0.095
286.272,-0.58,-0.115
286.276,-0.55,-0.12
286.28,-0.54,-0.105
286.284,-0.54,-0.14
286.288,-0.535,-0.145
286.292,-0.54,-0.17
286.296,-0.54,-0.17
286.3,-0.55,-0.16
286.304,-0.55,-0.16
286.308,-0.555,-0.17
286.312,-0.535,-0.175
286.316,-0.52,-0.185
286.32,-0.515,-0.195
286.324,-0.53,-0.21
286.328,-0.53,-0.22
286.332,-0.525,-0.215
286.336,-0.545,-0.22
286.34,-0.535,-0.23
286.344,-0.535,-0.225
286.348,-0.53,-0.235
286.352,-0.53,-0.23
286.356,-0.52,-0.255
286.36,-0.53,-0.24
286.364,-0.55,-0.265
286.368,-0.54,-0.25
286.372,-0.535,-0.245
286.376,-0.525,-0.24
286.38,-0.515,-0.255
286.384,-0.5,-0.245
286.388,-0.46,-0.26
286.392,-0.44,-0.255
286.396,-0.43,-0.26
286.4,-0.44,-0.245
286.404,-0.42,-0.23
286.408,-0.395,-0.2
286.412,-0.385,-0.185
286.416,-0.385,-0.175
286.42,-0.355,-0.14
286.424,-0.325,-0.13
286.428,-0.305,-0.11
286.432,-0.305,-0.13
286.436,-0.31,-0.12
286.44,-0.335,-0.1
286.444,-0.37,-0.12
286.448,-0.36,-0.15
286.452,-0.395,-0.12
286.456,-0.4,-0.175
286.46,-0.385,-0.21
286.464,-0.365,-0.235
286.468,-0.39,-0.265
286.472,-0.42,-0.26
286.476,-0.44,-0.265
286.48,-0.475,-0.285
286.484,-0.485,-0.295
286.488,-0.485,-0.305
286.492,-0.505,-0.31
286.496,-0.53,-0.315
286.5,-0.545,-0.33
286.504,-0.54,-0.31
286.508,-0.55,-0.31
286.512,-0.545,-0.295
286.516,-0.54,-0.305
286.52,-0.575,-0.305
286.524,-0.575,-0.31
286.528,-0.57,-0.305
286.532,-0.565,-0.31
286.536,-0.555,-0.3
286.54,-0.545,-0.31
286.544,-0.55,-0.31
286.548,-0.54,-0.305
286.552,-0.56,-0.305
286.556,-0.555,-0.31
286.56,-0.56,-0.32
286.564,-0.555,-0.3
286.568,-0.56,-0.33
286.572,-0.545,-0.315
286.576,-0.55,-0.315
286.58,-0.535,-0.315
286.584,-0.535,-0.305
286.588,-0.545,-0.295
286.592,-0.54,-0.305
286.596,-0.51,-0.295
286.6,-0.475,-0.285
286.604,-0.405,-0.265
286.608,-0.32,-0.295
286.612,-0.16,-0.33
286.616,-0.005,-0.295
286.62,0.145,-0.31
286.624,0.225,-0.255
286.628,0.275,-0.19
286.632,0.31,-0.26
286.636,0.31,-0.665
286.64,0.285,-1.305
286.644,0.205,-1.945
286.648,0.14,-2.585
286.652,0.11,-3.225
286.656,0.075,-3.43
286.66,0.08,-3.525
286.664,0.1,-3.535
286.668,0.095,-3.565
286.672,0.08,-3.575
286.676,0.03,-3.55
286.68,-0.045,-3.46
286.684,-0.11,-3.34
286.688,-0.095,-3.155
286.692,0.01,-2.995
286.696,0.115,-2.895
286.7,0.155,-2.815
286.704,0.08,-2.66
286.708,-0.095,-2.31
286.712,-0.295,-1.895
286.716,-0.415,-1.47
286.72,-0.46,-1.115
286.724,-0.44,-0.895
286.728,-0.475,-0.73
286.732,-0.505,-0.59
286.736,-0.54,-0.375
286.74,-0.6,-0.2
286.744,-0.61,-0.02
286.748,-0.61,0.115
286.752,-0.59,0.165
286.756,-0.6,0.17
286.76,-0.605,0.15
286.764,-0.585,0.15
286.768,-0.575,0.185
286.772,-0.59,0.205
286.776,-0.605,0.195
286.78,-0.6,0.215
286.784,-0.59,0.225
286.788,-0.6,0.23
286.792,-0.585,0.24
286.796,-0.585,0.26
286.8,-0.57,0.25
286.804,-0.58,0.265
286.808,-0.575,0.265
286.812,-0.61,0.275
286.816,-0.62,0.31
286.82,-0.61,0.31
286.824,-0.6,0.31
286.828,-0.605,0.34
286.832,-0.62,0.35
286.836,-0.595,0.35
286.84,-0.6,0.365
286.844,-0.615,0.37
286.848,-0.64,0.375
286.852,-0.64,0.415
286.856,-0.655,0.42
286.86,-0.655,0.44
286.864,-0.645,0.465
286.868,-0.65,0.465
286.872,-0.635,0.485
286.876,-0.645,0.485
286.88,-0.665,0.51
286.884,-0.65,0.54
286.888,-0.69,0.57
286.892,-0.68,0.56
286.896,-0.695,0.575
286.9,-0.69,0.605
286.904,-0.685,0.63
286.908,-0.695,0.67
286.912,-0.685,0.665
286.916,-0.66,0.685
286.92,-0.7,0.735
286.924,-0.705,0.75
286.928,-0.705,0.78
286.932,-0.71,0.81
286.936,-0.695,0.83
286.94,-0.695,0.85
286.944,-0.68,0.87
286.948,-0.675,0.89
286.952,-0.685,0.885
286.956,-0.69,0.91
286.96,-0.66,0.935
286.964,-0.67,0.935
286.968,-0.67,0.95
286.972,-0.655,0.955
286.976,-0.655,1
286.98,-0.66,0.97
286.984,-0.635,0.965
286.988,-0.625,0.975
286.992,-0.61,0.99
286.996,-0.635,0.98
287,-0.605,0.965
287.004,-0.625,0.975
287.008,-0.6,0.93
287.012,-0.565,0.925
287.016,-0.555,0.89
287.02,-0.54,0.845
287.024,-0.525,0.81
287.028,-0.52,0.795
287.032,-0.505,0.77
287.036,-0.5,0.7
287.04,-0.49,0.69
287.044,-0.475,0.615
287.048,-0.46,0.57
287.052,-0.45,0.53
287.056,-0.43,0.455
287.06,-0.435,0.39
287.064,-0.455,0.34
287.068,-0.455,0.275
287.072,-0.445,0.25
287.076,-0.45,0.195
287.08,-0.46,0.17
287.084,-0.46,0.13
287.088,-0.46,0.07
287.092,-0.45,0.05
287.096,-0.465,0.035
287.1,-0.48,0.01
287.104,-0.47,0
287.108,-0.48,-0.005
287.112,-0.48,-0.015
287.116,-0.48,-0.025
287.12,-0.475,-0.045
287.124,-0.47,-0.055
287.128,-0.455,-0.02
287.132,-0.475,-0.04
287.136,-0.48,-0.025
287.14,-0.495,-0.045
287.144,-0.485,-0.035
287.148,-0.5,-0.03
287.152,-0.475,-0.04
287.156,-0.48,-0.035
287.16,-0.47,-0.035
287.164,-0.475,-0.025
287.168,-0.475,-0.045
287.172,-0.485,-0.06
287.176,-0.49,-0.045
287.18,-0.485,-0.03
287.184,-0.525,-0.05
287.188,-0.485,-0.035
287.192,-0.495,-0.04
287.196,-0.475,-0.055
287.2,-0.455,-0.04
287.204,-0.465,-0.065
287.208,-0.475,-0.07
287.212,-0.46,-0.08
287.216,-0.495,-0.06
287.22,-0.485,-0.09
287.224,-0.47,-0.08
287.228,-0.47,-0.085
287.232,-0.46,-0.1
287.236,-0.455,-0.115
287.24,-0.45,-0.11
287.244,-0.45,-0.12
287.248,-0.45,-0.1
287.252,-0.45,-0.13
287.256,-0.45,-0.135
287.26,-0.455,-0.13
287.264,-0.43,-0.135
287.268,-0.43,-0.14
287.272,-0.455,-0.15
287.276,-0.44,-0.16
287.28,-0.43,-0.18
287.284,-0.445,-0.16
287.288,-0.445,-0.155
287.292,-0.465,-0.145
287.296,-0.45,-0.15
287.3,-0.415,-0.16
287.304,-0.4,-0.16
287.308,-0.38,-0.155
287.312,-0.36,-0.175
287.316,-0.355,-0.165
287.32,-0.34,-0.15
287.324,-0.325,-0.13
287.328,-0.31,-0.09
287.332,-0.31,-0.095
287.336,-0.295,-0.075
287.34,-0.26,-0.065
287.344,-0.255,-0.055
287.348,-0.23,-0.045
287.352,-0.24,-0.045
287.356,-0.265,-0.06
287.36,-0.3,-0.045
287.364,-0.32,-0.04
287.368,-0.315,-0.04
287.372,-0.33,-0.08
287.376,-0.32,-0.115
287.38,-0.315,-0.17
287.384,-0.335,-0.175
287.388,-0.365,-0.17
287.392,-0.375,-0.18
287.396,-0.375,-0.225
287.4,-0.405,-0.225
287.404,-0.435,-0.23
287.408,-0.425,-0.235
287.412,-0.435,-0.25
287.416,-0.44,-0.245
287.42,-0.47,-0.245
287.424,-0.465,-0.225
287.428,-0.48,-0.225
287.432,-0.485,-0.22
287.436,-0.475,-0.225
287.44,-0.48,-0.225
287.444,-0.465,-0.22
287.448,-0.465,-0.2
287.452,-0.48,-0.22
287.456,-0.46,-0.23
287.46,-0.48,-0.225
287.464,-0.465,-0.235
287.468,-0.49,-0.23
287.472,-0.475,-0.21
287.476,-0.465,-0.215
287.48,-0.46,-0.23
287.484,-0.45,-0.2
287.488,-0.45,-0.235
287.492,-0.46,-0.255
287.496,-0.44,-0.23
287.5,-0.455,-0.235
287.504,-0.46,-0.215
287.508,-0.46,-0.22
287.512,-0.44,-0.215
287.516,-0.4,-0.215
287.52,-0.355,-0.215
287.524,-0.27,-0.24
287.528,-0.15,-0.265
287.532,0.005,-0.26
287.536,0.165,-0.265
287.54,0.315,-0.235
287.544,0.425,-0.185
287.548,0.5,-0.175
287.552,0.505,-0.425
287.556,0.5,-1.025
287.56,0.44,-1.665
287.564,0.345,-2.305
287.568,0.285,-2.945
287.572,0.25,-3.48
287.576,0.255,-3.605
287.58,0.245,-3.655
287.584,0.255,-3.72
287.588,0.245,-3.715
287.592,0.215,-3.69
287.596,0.135,-3.605
287.6,0.025,-3.44
287.604,0.005,-3.19
287.608,0.07,-2.99
287.612,0.185,-2.88
287.616,0.23,-2.74
287.62,0.16,-2.585
287.624,0.02,-2.295
287.628,-0.16,-1.9
287.632,-0.31,-1.525
287.636,-0.37,-1.185
287.64,-0.4,-0.935
287.644,-0.395,-0.765
287.648,-0.42,-0.58
287.652,-0.47,-0.435
287.656,-0.5,-0.225
287.66,-0.525,-0.03
287.664,-0.53,0.105
287.668,-0.51,0.18
287.672,-0.495,0.2
287.676,-0.5,0.18
287.68,-0.495,0.18
287.684,-0.495,0.21
287.688,-0.5,0.225
287.692,-0.5,0.245
287.696,-0.51,0.235
287.7,-0.495,0.245
287.704,-0.485,0.25
287.708,-0.48,0.275
287.712,-0.475,0.275
287.716,-0.495,0.25
287.72,-0.49,0.275
287.724,-0.505,0.28
287.728,-0.515,0.305
287.732,-0.51,0.285
287.736,-0.535,0.31
287.74,-0.505,0.335
287.744,-0.51,0.305
287.748,-0.505,0.335
287.752,-0.525,0.345
287.756,-0.53,0.355
287.76,-0.54,0.355
287.764,-0.54,0.385
287.768,-0.555,0.415
287.772,-0.535,0.42
287.776,-0.525,0.425
287.78,-0.545,0.435
287.784,-0.555,0.455
287.788,-0.56,0.465
287.792,-0.585,0.47
287.796,-0.585,0.5
287.8,-0.59,0.525
287.804,-0.585,0.55
287.808,-0.575,0.56
287.812,-0.585,0.585
287.816,-0.575,0.605
287.82,-0.58,0.61
287.824,-0.6,0.65
287.828,-0.605,0.665
287.832,-0.605,0.675
287.836,-0.605,0.7
287.84,-0.61,0.725
287.844,-0.615,0.745
287.848,-0.615,0.795
287.852,-0.61,0.795
287.856,-0.58,0.82
287.86,-0.59,0.835
287.864,-0.61,0.865
287.868,-0.6,0.875
287.872,-0.6,0.885
287.876,-0.6,0.915
287.88,-0.595,0.925
287.884,-0.59,0.945
287.888,-0.58,0.94
287.892,-0.58,0.93
287.896,-0.57,0.935
287.9,-0.565,0.95
287.904,-0.58,0.965
287.908,-0.56,0.94
287.912,-0.535,0.965
287.916,-0.525,0.955
287.92,-0.525,0.925
287.924,-0.505,0.915
287.928,-0.48,0.88
287.932,-0.48,0.86
287.936,-0.47,0.845
287.94,-0.46,0.81
287.944,-0.465,0.755
287.948,-0.45,0.745
287.952,-0.43,0.7
287.956,-0.4,0.645
287.96,-0.38,0.595
287.964,-0.37,0.525
287.968,-0.39,0.47
287.972,-0.395,0.415
287.976,-0.38,0.365
287.98,-0.375,0.31
287.984,-0.37,0.265
287.988,-0.375,0.23
287.992,-0.35,0.19
287.996,-0.355,0.14
288,-0.35,0.1
288.004,-0.37,0.07
288.008,-0.375,0.05
288.012,-0.385,0.03
288.016,-0.39,0
288.02,-0.39,0
288.024,-0.385,-0.01
288.028,-0.38,-0.03
288.032,-0.385,-0.035
288.036,-0.39,-0.055
288.04,-0.385,-0.045
288.044,-0.38,-0.05
288.048,-0.385,-0.03
288.052,-0.39,-0.025
288.056,-0.39,-0.015
288.06,-0.385,-0.015
288.064,-0.375,-0.035
288.068,-0.39,-0.015
288.072,-0.39,-0.01
288.076,-0.39,-0.01
288.08,-0.405,-0.01
288.084,-0.415,-0.015
288.088,-0.395,0.015
288.092,-0.41,-0.005
288.096,-0.405,-0.015
288.1,-0.395,0
288.104,-0.4,-0.02
288.108,-0.385,0
288.112,-0.395,-0.03
288.116,-0.4,-0.035
288.12,-0.395,-0.06
288.124,-0.4,-0.04
288.128,-0.41,-0.05
288.132,-0.395,-0.035
288.136,-0.365,-0.03
288.14,-0.375,-0.055
288.144,-0.38,-0.06
288.148,-0.37,-0.07
288.152,-0.37,-0.07
288.156,-0.395,-0.08
288.16,-0.395,-0.085
288.164,-0.38,-0.09
288.168,-0.395,-0.085
288.172,-0.38,-0.105
288.176,-0.35,-0.095
288.18,-0.375,-0.115
288.184,-0.35,-0.11
288.188,-0.365,-0.105
288.192,-0.365,-0.115
288.196,-0.365,-0.11
288.2,-0.37,-0.12
288.204,-0.345,-0.125
288.208,-0.345,-0.125
288.212,-0.32,-0.115
288.216,-0.265,-0.125
288.22,-0.275,-0.105
288.224,-0.275,-0.12
288.228,-0.265,-0.11
288.232,-0.245,-0.095
288.236,-0.245,-0.075
288.24,-0.215,-0.05
288.244,-0.19,-0.045
288.248,-0.185,-0.02
288.252,-0.16,-0.02
288.256,-0.14,-0.02
288.26,-0.15,-0.015
288.264,-0.18,-0.01
288.268,-0.205,-0.015
288.272,-0.2,-0.015
288.276,-0.205,-0.02
288.28,-0.21,-0.06
288.284,-0.2,-0.065
288.288,-0.23,-0.09
288.292,-0.225,-0.14
288.296,-0.24,-0.15
288.3,-0.275,-0.14
288.304,-0.295,-0.16
288.308,-0.31,-0.165
288.312,-0.3,-0.175
288.316,-0.315,-0.175
288.32,-0.325,-0.2
288.324,-0.32,-0.22
288.328,-0.36,-0.21
288.332,-0.36,-0.195
288.336,-0.38,-0.17
288.34,-0.385,-0.175
288.344,-0.365,-0.19
288.348,-0.365,-0.185
288.352,-0.37,-0.18
288.356,-0.355,-0.19
288.36,-0.35,-0.215
288.364,-0.365,-0.19
288.368,-0.365,-0.185
288.372,-0.365,-0.195
288.376,-0.36,-0.195
288.38,-0.375,-0.19
288.384,-0.375,-0.2
288.388,-0.365,-0.19
288.392,-0.38,-0.185
288.396,-0.365,-0.17
288.4,-0.345,-0.18
288.404,-0.37,-0.195
288.408,-0.355,-0.2
288.412,-0.355,-0.175
288.416,-0.35,-0.17
288.42,-0.33,-0.175
288.424,-0.295,-0.165
288.428,-0.24,-0.185
288.432,-0.175,-0.195
288.436,-0.075,-0.195
288.44,0.065,-0.21
288.444,0.235,-0.215
288.448,0.35,-0.185
288.452,0.43,-0.13
288.456,0.485,-0.13
288.46,0.525,-0.375
288.464,0.505,-0.93
288.468,0.47,-1.57
288.472,0.395,-2.21
288.476,0.325,-2.85
288.48,0.295,-3.12
288.484,0.285,-3.2
288.488,0.29,-3.235
288.492,0.335,-3.25
288.496,0.335,-3.295
288.5,0.285,-3.275
288.504,0.21,-3.24
288.508,0.15,-3.09
288.512,0.095,-2.925
288.516,0.13,-2.755
288.52,0.26,-2.64
288.524,0.335,-2.57
288.528,0.325,-2.445
288.532,0.22,-2.21
288.536,0.025,-1.875
288.54,-0.145,-1.49
288.544,-0.24,-1.115
288.548,-0.285,-0.87
288.552,-0.3,-0.705
288.556,-0.31,-0.575
288.56,-0.355,-0.44
288.564,-0.405,-0.285
288.568,-0.435,-0.095
288.572,-0.435,0.05
288.576,-0.415,0.145
288.58,-0.435,0.195
288.584,-0.44,0.175
288.588,-0.42,0.19
288.592,-0.435,0.17
288.596,-0.44,0.175
288.6,-0.43,0.205
288.604,-0.425,0.22
288.608,-0.43,0.24
288.612,-0.42,0.23
288.616,-0.415,0.26
288.62,-0.405,0.26
288.624,-0.435,0.27
288.628,-0.43,0.255
288.632,-0.45,0.27
288.636,-0.43,0.285
288.64,-0.44,0.285
288.644,-0.435,0.305
288.648,-0.44,0.325
288.652,-0.43,0.32
288.656,-0.425,0.3
288.66,-0.445,0.315
288.664,-0.45,0.33
288.668,-0.48,0.335
288.672,-0.475,0.365
288.676,-0.49,0.38
288.68,-0.485,0.375
288.684,-0.485,0.39
288.688,-0.495,0.415
288.692,-0.495,0.415
288.696,-0.515,0.395
288.7,-0.52,0.44
288.704,-0.505,0.455
288.708,-0.52,0.465
288.712,-0.54,0.495
288.716,-0.525,0.52
288.72,-0.52,0.53
288.724,-0.53,0.535
288.728,-0.54,0.58
288.732,-0.54,0.57
288.736,-0.545,0.595
288.74,-0.555,0.615
288.744,-0.56,0.63
288.748,-0.585,0.66
288.752,-0.55,0.675
288.756,-0.555,0.695
288.76,-0.54,0.71
288.764,-0.545,0.74
288.768,-0.555,0.735
288.772,-0.545,0.76
288.776,-0.56,0.775
288.78,-0.55,0.775
288.784,-0.56,0.795
288.788,-0.54,0.82
288.792,-0.53,0.8
288.796,-0.53,0.82
288.8,-0.525,0.82
288.804,-0.535,0.84
288.808,-0.515,0.825
288.812,-0.51,0.84
288.816,-0.52,0.86
288.82,-0.5,0.84
288.824,-0.475,0.835
288.828,-0.465,0.805
288.832,-0.445,0.775
288.836,-0.43,0.755
288.84,-0.425,0.745
288.844,-0.415,0.725
288.848,-0.41,0.69
288.852,-0.415,0.665
288.856,-0.37,0.61
288.86,-0.355,0.565
288.864,-0.35,0.545
288.868,-0.32,0.47
288.872,-0.305,0.43
288.876,-0.31,0.39
288.88,-0.33,0.345
288.884,-0.33,0.29
288.888,-0.335,0.25
288.892,-0.33,0.185
288.896,-0.32,0.16
288.9,-0.315,0.125
288.904,-0.32,0.105
288.908,-0.315,0.055
288.912,-0.335,0.02
288.916,-0.35,0.005
288.92,-0.37,0
288.924,-0.34,-0.015
288.928,-0.36,-0.03
288.932,-0.365,-0.035
288.936,-0.35,-0.05
288.94,-0.37,-0.035
288.944,-0.35,-0.085
288.948,-0.345,-0.065
288.952,-0.37,-0.07
288.956,-0.38,-0.04
288.96,-0.365,-0.06
288.964,-0.39,-0.05
288.968,-0.38,-0.05
288.972,-0.395,-0.065
288.976,-0.355,-0.06
288.98,-0.36,-0.055
288.984,-0.375,-0.04
288.988,-0.385,-0.06
288.992,-0.37,-0.04
288.996,-0.385,-0.035
289,-0.395,-0.025
289.004,-0.38,-0.05
289.008,-0.385,-0.025
289.012,-0.36,-0.045
289.016,-0.38,-0.055
289.02,-0.375,-0.03
289.024,-0.385,-0.05
289.028,-0.385,-0.06
289.032,-0.38,-0.04
289.036,-0.395,-0.07
289.04,-0.395,-0.05
289.044,-0.37,-0.05
289.048,-0.345,-0.05
289.052,-0.35,-0.08
289.056,-0.345,-0.055
289.06,-0.34,-0.09
289.064,-0.36,-0.08
289.068,-0.36,-0.07
289.072,-0.345,-0.1
289.076,-0.36,-0.09
289.08,-0.35,-0.095
289.084,-0.33,-0.11
289.088,-0.325,-0.105
289.092,-0.33,-0.095
289.096,-0.32,-0.105
289.1,-0.315,-0.12
289.104,-0.345,-0.105
289.108,-0.345,-0.115
289.112,-0.305,-0.115
289.116,-0.305,-0.095
289.12,-0.275,-0.12
289.124,-0.255,-0.105
289.128,-0.235,-0.115
289.132,-0.235,-0.115
289.136,-0.225,-0.105
289.14,-0.225,-0.08
289.144,-0.225,-0.08
289.148,-0.2,-0.065
289.152,-0.16,-0.06
289.156,-0.15,-0.05
289.16,-0.125,-0.03
289.164,-0.12,-0.025
289.168,-0.14,-0.025
289.172,-0.16,-0.025
289.176,-0.19,-0.055
289.18,-0.2,-0.045
289.184,-0.205,-0.035
289.188,-0.195,-0.06
289.192,-0.22,-0.08
289.196,-0.235,-0.1
289.2,-0.25,-0.13
289.204,-0.24,-0.14
289.208,-0.27,-0.135
289.212,-0.28,-0.135
289.216,-0.295,-0.145
289.22,-0.305,-0.16
289.224,-0.315,-0.175
289.228,-0.32,-0.18
289.232,-0.345,-0.18
289.236,-0.36,-0.175
289.24,-0.37,-0.175
289.244,-0.375,-0.185
289.248,-0.375,-0.175
289.252,-0.385,-0.165
289.256,-0.395,-0.18
289.26,-0.375,-0.18
289.264,-0.355,-0.185
289.268,-0.335,-0.17
289.272,-0.34,-0.17
289.276,-0.34,-0.16
289.28,-0.345,-0.185
289.284,-0.355,-0.19
289.288,-0.365,-0.185
289.292,-0.365,-0.195
289.296,-0.36,-0.195
289.3,-0.355,-0.165
289.304,-0.33,-0.19
289.308,-0.345,-0.19
289.312,-0.34,-0.2
289.316,-0.34,-0.175
289.32,-0.325,-0.19
289.324,-0.315,-0.17
289.328,-0.29,-0.17
289.332,-0.265,-0.16
289.336,-0.205,-0.21
289.34,-0.115,-0.165
289.344,0.005,-0.195
289.348,0.155,-0.195
289.352,0.29,-0.18
289.356,0.375,-0.165
289.36,0.41,-0.1
289.364,0.41,-0.12
289.368,0.405,-0.435
289.372,0.355,-1.055
289.376,0.335,-1.695
289.38,0.27,-2.17
289.384,0.25,-2.405
289.388,0.23,-2.52
289.392,0.245,-2.57
289.396,0.265,-2.6
289.4,0.26,-2.595
289.404,0.235,-2.605
289.408,0.2,-2.57
289.412,0.105,-2.485
289.416,0.06,-2.365
289.42,0.06,-2.21
289.424,0.16,-2.1
289.428,0.25,-2.04
289.432,0.295,-1.98
289.436,0.205,-1.85
289.44,0.045,-1.615
289.444,-0.135,-1.35
289.448,-0.235,-1.035
289.452,-0.295,-0.785
289.456,-0.295,-0.61
289.46,-0.285,-0.525
289.464,-0.325,-0.4
289.468,-0.38,-0.28
289.472,-0.425,-0.15
289.476,-0.435,0.005
289.48,-0.455,0.1
289.484,-0.415,0.145
289.488,-0.415,0.155
289.492,-0.43,0.135
289.496,-0.41,0.14
289.5,-0.405,0.155
289.504,-0.41,0.14
289.508,-0.455,0.155
289.512,-0.43,0.17
289.516,-0.445,0.185
289.52,-0.44,0.17
289.524,-0.43,0.18
289.528,-0.445,0.175
289.532,-0.41,0.175
289.536,-0.435,0.2
289.54,-0.44,0.19
289.544,-0.44,0.215
289.548,-0.44,0.205
289.552,-0.455,0.205
289.556,-0.465,0.23
289.56,-0.465,0.225
289.564,-0.445,0.205
289.568,-0.46,0.23
289.572,-0.455,0.245
289.576,-0.48,0.255
289.58,-0.48,0.28
289.584,-0.49,0.295
289.588,-0.47,0.28
289.592,-0.5,0.295
289.596,-0.5,0.305
289.6,-0.495,0.315
289.604,-0.515,0.325
289.608,-0.52,0.345
289.612,-0.54,0.35
289.616,-0.53,0.37
289.62,-0.525,0.39
289.624,-0.535,0.39
289.628,-0.54,0.415
289.632,-0.555,0.44
289.636,-0.54,0.47
289.64,-0.545,0.48
289.644,-0.55,0.465
289.648,-0.555,0.5
289.652,-0.565,0.52
289.656,-0.59,0.545
289.66,-0.565,0.565
289.664,-0.57,0.59
289.668,-0.565,0.6
289.672,-0.545,0.61
289.676,-0.555,0.625
289.68,-0.575,0.645
289.684,-0.565,0.66
289.688,-0.555,0.655
289.692,-0.56,0.675
289.696,-0.555,0.685
289.7,-0.53,0.7
289.704,-0.54,0.705
289.708,-0.53,0.71
289.712,-0.535,0.715
289.716,-0.54,0.715
289.72,-0.55,0.69
289.724,-0.525,0.715
289.728,-0.505,0.705
289.732,-0.515,0.735
289.736,-0.485,0.715
289.74,-0.45,0.68
289.744,-0.445,0.66
289.748,-0.445,0.65
289.752,-0.44,0.61
289.756,-0.41,0.59
289.76,-0.415,0.54
289.764,-0.4,0.505
289.768,-0.39,0.47
289.772,-0.375,0.455
289.776,-0.37,0.4
289.78,-0.365,0.35
289.784,-0.385,0.3
289.788,-0.37,0.285
289.792,-0.375,0.225
289.796,-0.365,0.195
289.8,-0.405,0.155
289.804,-0.4,0.11
289.808,-0.395,0.1
289.812,-0.38,0.055
289.816,-0.385,0.025
289.82,-0.385,0.01
289.824,-0.385,0
289.828,-0.385,-0.04
289.832,-0.385,-0.035
289.836,-0.4,-0.045
289.84,-0.425,-0.05
289.844,-0.425,-0.055
289.848,-0.425,-0.03
289.852,-0.41,-0.05
289.856,-0.405,-0.075
289.86,-0.41,-0.075
289.864,-0.42,-0.06
289.868,-0.425,-0.055
289.872,-0.455,-0.065
289.876,-0.46,-0.04
289.88,-0.455,-0.045
289.884,-0.44,-0.05
289.888,-0.445,-0.05
289.892,-0.445,-0.025
289.896,-0.42,-0.04
289.9,-0.435,-0.04
289.904,-0.455,-0.035
289.908,-0.46,-0.02
289.912,-0.45,-0.02
289.916,-0.45,-0.015
289.92,-0.45,-0.02
289.924,-0.45,-0.03
289.928,-0.45,-0.035
289.932,-0.445,-0.035
289.936,-0.435,-0.045
289.94,-0.435,-0.025
289.944,-0.46,-0.015
289.948,-0.46,-0.025
289.952,-0.47,-0.045
289.956,-0.465,-0.03
289.96,-0.45,-0.045
289.964,-0.43,-0.05
289.968,-0.42,-0.06
289.972,-0.44,-0.08
289.976,-0.445,-0.08
289.98,-0.435,-0.06
289.984,-0.44,-0.07
289.988,-0.445,-0.045
289.992,-0.435,-0.07
289.996,-0.445,-0.06
290,-0.435,-0.07